fid,FRRD_NM,count,unique,min,max,range,sum,mean,median,stddev,minority,majority,q1,q3,iqr
1,11번 월매,65,5,42.4054986196335,42.4773109483516,0.0718123287181527,2759.00741465731,42.4462679178047,42.4414047838698,0.0307221467884051,42.4414047838698,42.4054986196335,42.4054986196335,42.4770437999761,0.0715451803426106
2,64번 무계,8,1,42.4776785351354,42.4776785351354,0,339.821428281083,42.4776785351354,42.4776785351354,0,42.4776785351354,42.4776785351354,42.4776785351354,42.4776785351354,0
3,82번 개일,45,3,42.1905610891468,42.22644770173,0.035886612583127,1899.18154647364,42.2040343660808,42.1905610891468,0.0172919117679735,42.2259758327444,42.1905610891468,42.1905610891468,42.2259758327444,0.035414743597606
4,92번 중기(2),33,3,42.5514191621309,42.6309596770088,0.0795405148779338,1406.33582016711,42.6162369747608,42.6309596770088,0.0233155026288113,42.5514191621309,42.6309596770088,42.6062369140536,42.6309596770088,0.0247227629551787
5,88번 무계,13,1,42.4776785351354,42.4776785351354,0,552.20982095676,42.4776785351354,42.4776785351354,7.105427357601e-15,42.4776785351354,42.4776785351354,42.4776785351354,42.4776785351354,0
6,신왕,58,3,52.510470946939,52.5409560146664,0.0304850677273478,3046.32969599875,52.5229257930819,52.5236478724313,0.00953249926708013,52.5409560146664,52.5236478724313,52.510470946939,52.5236478724313,0.0131769254922744
7,화전,47,3,52.0174042338224,52.058356962314,0.0409527284916109,2445.08103693625,52.0230007858776,52.0174042338224,0.0123253045900022,52.058356962314,52.0174042338224,52.0174042338224,52.0212891874314,0.00388495360896712
8,수도,163,6,52.145849610578,52.3224505260579,0.176600915479867,8507.6441990793,52.1941361906705,52.2199424008655,0.0383087752920719,52.3224505260579,52.2323409840917,52.1553493798093,52.2323409840917,0.0769916042823695
9,황점,82,4,52.2199424008655,52.4168051745105,0.196862773644995,4290.72395568171,52.3259018985574,52.2963229935061,0.0585260146351599,52.2199424008655,52.2963229935061,52.2963229935061,52.4168051745105,0.120482181004398
10,신원,21,2,47.0409052362083,47.5004489710608,0.459543734852453,996.590340922572,47.4566829010748,47.5004489710608,0.134896087338149,47.0409052362083,47.5004489710608,47.5004489710608,47.5004489710608,0
11,상오,86,4,57.1812746475005,57.8685528776056,0.687278230105058,4953.40241591275,57.5977025106134,57.5251523059289,0.158906432011069,57.1812746475005,57.5251523059289,57.5251523059289,57.6498828406205,0.124730534691608
12,신곡3,25,2,52.328670971165,52.3381154063959,0.00944443523087557,1308.33955193713,52.333582077485,52.3381154063959,0.0047184383290257,52.328670971165,52.3381154063959,52.328670971165,52.3381154063959,0.00944443523087557
13,신곡2,46,4,52.3192279182062,52.3917077644091,0.0724798462029668,2407.51620633349,52.3373088333366,52.328670971165,0.0266798895774185,52.3822501854068,52.328670971165,52.3192279182062,52.328670971165,0.0094430529588081
14,신곡1,41,3,52.3381154063959,52.401214230368,0.0630988239721191,2145.95418067048,52.3403458700117,52.3381154063959,0.00993319009487368,52.401214230368,52.3381154063959,52.3381154063959,52.3381154063959,0
15,용흥,56,4,54.9481385475417,55.2293519767475,0.281213429205792,3085.6750091673,55.101339449416,55.1550466224564,0.0905077061029993,55.2293519767475,55.1550466224564,55.0523058464002,55.1550466224564,0.10274077605613
16,옥계,5,1,55.0523058464002,55.0523058464002,0,275.261529232001,55.0523058464002,55.0523058464002,0,55.0523058464002,55.0523058464002,55.0523058464002,55.0523058464002,0
17,월곡,5,1,52.7733720848443,52.7733720848443,0,263.866860424221,52.7733720848443,52.7733720848443,7.105427357601e-15,52.7733720848443,52.7733720848443,52.7733720848443,52.7733720848443,0
18,대전,28,2,57.4002650796065,57.7440982206047,0.343833140998129,1613.05258562595,57.6090209152125,57.7440982206047,0.167923124549718,57.4002650796065,57.7440982206047,57.4002650796065,57.7440982206047,0.343833140998129
19,동관,64,5,56.4934978868057,57.6498828406205,1.15638495381487,3652.56258033725,57.0712903177695,57.1812746475005,0.366780035945319,57.3061782048765,56.8373721740677,56.8373721740677,57.3061782048765,0.468806030808793
20,어산,27,3,53.8280253800853,54.1640463338332,0.336020953747919,1458.4115631167,54.0152430783963,54.0359277784054,0.12261234701807,53.8280253800853,54.0359277784054,53.9319765792453,54.0999870561193,0.16801047687396
21,조룡,18,2,51.9980277328625,52.0728125468085,0.0747848139459393,936.263638447309,52.0146465804061,51.9980277328625,0.0310910168354821,52.0728125468085,51.9980277328625,51.9980277328625,51.9980277328625,0
22,남산,34,4,48.3047065264251,48.8755735923804,0.570867065955369,1648.11477400924,48.4739639414483,48.5670993337845,0.158505734319671,48.8755735923804,48.3047065264251,48.3047065264251,48.613180785021,0.308474258595901
23,19용흥,6,2,55.1550466224564,55.2293519767475,0.0743053542911767,331.07889044332,55.1798150738867,55.1550466224564,0.03502787993184,55.2293519767475,55.1550466224564,55.1550466224564,55.2293519767475,0.0743053542911767
24,궁기,43,5,58.7529298280471,59.0718800811726,0.318950253125422,2533.93649586097,58.928755717697,58.9124051318421,0.0906633431267975,58.7529298280471,58.9124051318421,58.9124051318421,58.9398428246731,0.0274376928309223
25,봉화7,20,2,50.0013346857279,50.2164176313984,0.215082945670417,1001.31719138858,50.0658595694291,50.0013346857279,0.0985633879228761,50.2164176313984,50.0013346857279,50.0013346857279,50.2164176313984,0.215082945670417
26,봉화3,14,2,49.8727808429532,50.0013346857279,0.128553842774778,698.347485644119,49.8819632602942,49.8727808429532,0.0331076765558856,50.0013346857279,49.8727808429532,49.8727808429532,49.8727808429532,0
27,봉화2,10,3,49.8727808429532,50.2164176313984,0.343636788445195,500.993218630751,50.0993218630751,50.0954966048127,0.125517279223113,49.8727808429532,50.0954966048127,50.0954966048127,50.2164176313984,0.120921026585684
28,봉화1,22,3,50.0013346857279,50.2164176313984,0.215082945670417,1102.85321057289,50.129691389677,50.0954966048127,0.0623390643749939,50.0013346857279,50.0954966048127,50.0954966048127,50.2164176313984,0.120921026585684
29,봉화6,22,2,50.0013346857279,50.2164176313984,0.215082945670417,1103.68577316241,50.167535143746,50.2164176313984,0.0901348536188147,50.0013346857279,50.2164176313984,50.2164176313984,50.2164176313984,0
30,봉화4,9,1,50.2164176313984,50.2164176313984,0,451.947758682585,50.2164176313984,50.2164176313984,0,50.2164176313984,50.2164176313984,50.2164176313984,50.2164176313984,0
31,봉화5,8,1,50.2164176313984,50.2164176313984,0,401.731341051187,50.2164176313984,50.2164176313984,0,50.2164176313984,50.2164176313984,50.2164176313984,50.2164176313984,0
32,한천2,16,1,57.17911454815,57.17911454815,0,914.865832770401,57.1791145481501,57.17911454815,2.1316282072803e-14,57.17911454815,57.17911454815,57.17911454815,57.17911454815,0
33,49번 삼계(전환),6,1,45.3082586512236,45.3082586512236,0,271.849551907342,45.3082586512236,45.3082586512236,0,45.3082586512236,45.3082586512236,45.3082586512236,45.3082586512236,0
34,47번 가천(전환),11,1,47.4882858599892,47.4882858599892,0,522.371144459881,47.4882858599892,47.4882858599892,0,47.4882858599892,47.4882858599892,47.4882858599892,47.4882858599892,0
35,각산-월전,40,3,43.7646775037802,44.0099237767387,0.245246272958546,1758.65827805635,43.9664569514088,43.9742614776736,0.0472307785614994,43.7646775037802,43.9742614776736,43.9742614776736,43.9742614776736,0
36,각산리-월전리,6,2,43.7646775037802,43.9742614776736,0.20958397389338,263.007232970468,43.8345388284113,43.7646775037802,0.0987988327786891,43.9742614776736,43.7646775037802,43.7646775037802,43.9742614776736,0.20958397389338
37,내리,5,3,51.5351027726764,52.0115603440109,0.476457571334507,258.4547657206,51.6909531441199,51.6864999156181,0.174015697951814,52.0115603440109,51.5351027726764,51.5351027726764,51.6864999156181,0.151397142941697
38,작업2,79,6,43.1866507778626,48.6063523502551,5.4197015723925,3531.46521118984,44.7020912808841,44.4316508396188,1.96651828966618,43.1866507778626,43.2399630139033,43.2399630139033,44.6411521223925,1.40118910848912
39,작업1,107,12,42.1315835897279,47.8201647729799,5.68858118325201,4833.10246586555,45.1691819239771,45.8637022047542,2.05449629128158,42.2082784780911,45.8637022047542,42.1600390374607,47.5772043500452,5.41716531258447
40,산불진화7,30,1,43.752008365493,43.752008365493,0,1312.56025096479,43.752008365493,43.752008365493,0,43.752008365493,43.752008365493,43.752008365493,43.752008365493,0
41,산불진화6,17,1,44.4353627877535,44.4353627877535,0,755.401167391809,44.4353627877535,44.4353627877535,1.4210854715202e-14,44.4353627877535,44.4353627877535,44.4353627877535,44.4353627877535,0
42,산불진화5,31,4,44.2935600199668,44.6536181624061,0.3600581424393,1377.50491717942,44.4356424896587,44.4353627877535,0.11436211588903,44.6536181624061,44.4353627877535,44.2935600199668,44.5177376218598,0.224177601893018
43,산불진화4,15,2,45.9654004685875,46.1659338971608,0.20053342857328,690.884741028826,46.0589827352551,45.9654004685875,0.100043651242176,46.1659338971608,45.9654004685875,45.9654004685875,46.1659338971608,0.20053342857328
44,산불진화3,23,3,45.9654004685875,46.1659338971608,0.20053342857328,1061.21637747947,46.1398424991075,46.1659338971608,0.0548402739801951,45.9654004685875,46.1659338971608,46.1438188640409,46.1659338971608,0.0221150331199382
45,산불진화2,19,3,46.3798412183299,46.7718231891904,0.391981970860471,884.662049787721,46.5611605151432,46.3798412183299,0.191493809114626,46.7304376400445,46.3798412183299,46.3798412183299,46.7718231891904,0.391981970860471
46,산불진화1,21,1,45.9878591465297,45.9878591465297,0,965.745042077123,45.9878591465297,45.9878591465297,0,45.9878591465297,45.9878591465297,45.9878591465297,45.9878591465297,0
47,간선5,17,3,45.3050253611278,46.6890519956131,1.38402663448532,775.537636024398,45.6198609426117,45.3050253611278,0.495098020307833,46.6890519956131,45.3050253611278,45.3050253611278,46.2970699238129,0.992044562685152
48,간선4,72,6,43.3288089659339,46.2556842765544,2.92687531062054,3276.20554270773,45.5028547598296,45.8430093811249,0.87642040408959,44.9213924765393,46.2556842765544,45.1308921865024,46.2556842765544,1.12479209005208
49,간선3,88,8,41.7246940818332,45.8274206356847,4.10272655385147,3862.87584445177,43.8963164142246,45.1625093556708,1.84256702064399,45.2038950029293,45.1625093556708,41.7594415774976,45.5958770747294,3.8364354972318
50,간선1,148,10,41.7594415774976,45.8223165574957,4.06287497999804,6559.81118162058,44.3230485244634,45.5958770747294,1.63437091859588,43.7058690623122,45.8223165574957,43.5249130204718,45.7809309102372,2.25601788976542
51,예배령,35,4,52.1730373474403,52.6443785613896,0.471341213949287,1836.89848219879,52.4828137771082,52.4055244577792,0.152296275374723,52.1730373474403,52.6443785613896,52.3891404535408,52.6443785613896,0.255238107848768
52,구수골 입구,14,3,52.6443785613896,53.1633808674731,0.519002306083557,740.164523621099,52.8688945443642,52.9111821957174,0.21654533004285,52.9111821957174,52.6443785613896,52.6443785613896,53.1633808674731,0.519002306083557
53,도심-서동,23,2,52.1363911694562,52.3438892654258,0.207498095969605,1203.07946072091,52.3078026400398,52.3438892654258,0.0786489766355315,52.1363911694562,52.3438892654258,52.3438892654258,52.3438892654258,0
54,감동골,26,3,51.9567174258764,52.1459757842573,0.18925835838094,1352.35996609543,52.0138448498243,51.9567174258764,0.0857297827122966,52.1363911694562,51.9567174258764,51.9567174258764,52.1363911694562,0.179673743579812
55,은점골,22,3,49.5641257134822,49.718679949699,0.154554236216839,1091.39070238033,49.6086682900151,49.5813895053688,0.0613999848896986,49.718679949699,49.5641257134822,49.5641257134822,49.5986532972554,0.0345275837732189
56,문수바위골,19,2,52.8582600620004,53.1085440913456,0.250284029345231,1005.05779326604,52.8977785929497,52.8582600620004,0.0912641379261053,53.1085440913456,52.8582600620004,52.8582600620004,52.8582600620004,0
57,황새골,13,2,52.1291112826154,52.3438892654258,0.214777982810375,679.826226502104,52.2943251155465,52.3438892654258,0.0904913431082302,52.1291112826154,52.3438892654258,52.3438892654258,52.3438892654258,0
58,꼬치비재,16,1,48.8124133440075,48.8124133440075,0,780.99861350412,48.8124133440075,48.8124133440075,0,48.8124133440075,48.8124133440075,48.8124133440075,48.8124133440075,0
59,황악산2,22,2,48.8535456428119,48.894913567755,0.0413679249430814,1074.81937206681,48.8554260030366,48.8535456428119,0.00861689306340555,48.894913567755,48.8535456428119,48.8535456428119,48.8535456428119,0
60,오미산,27,3,48.167272729807,48.5618105782755,0.394537848468488,1304.59968123154,48.3185067122791,48.167272729807,0.182530046476296,48.5618105782755,48.167272729807,48.167272729807,48.5332995997859,0.366026869978938
61,전나무골,62,4,47.7157129239244,49.436419789675,1.72070686575058,3022.90571256555,48.7565437510572,49.4079082322203,0.82250157484664,49.436419789675,49.4079082322203,47.7157129239244,49.4079082322203,1.69219530829592
62,지마리골(1),32,3,48.8124133440075,48.894913567755,0.0825002237474806,1563.02577010449,48.8445553157653,48.8535456428119,0.0198901686460615,48.894913567755,48.8535456428119,48.8329794934097,48.8535456428119,0.0205661494021996
63,지마리골(2),11,2,48.8124133440075,48.8535456428119,0.0411322988043992,537.1010759793,48.8273705435727,48.8124133440075,0.019786515179789,48.8535456428119,48.8124133440075,48.8124133440075,48.8535456428119,0.0411322988043992
64,무개골,34,3,47.6301587949116,48.0247164050136,0.394557610101991,1630.35389688815,47.9515852025928,47.9961790254693,0.134076310680548,47.6301587949116,47.9961790254693,47.9961790254693,48.0247164050136,0.0285373795443675
65,갈산전환,3,1,49.2570142043856,49.2570142043856,0,147.771042613157,49.2570142043856,49.2570142043856,0,49.2570142043856,49.2570142043856,49.2570142043856,49.2570142043856,0
66,남회룡(남회룡-갈산),276,9,48.7098590919341,49.5953032434429,0.885444151508779,13533.5947287775,49.0347635100633,48.8338357376969,0.283292543208316,49.5953032434429,48.7926043181065,48.7926043181065,49.2232656334099,0.430661315303439
67,고선,46,5,51.1308622820951,51.2413164837009,0.110454201605798,2354.86056305524,51.1926209359834,51.1886943968211,0.0410620461562116,51.1554001852417,51.1886943968211,51.1554001852417,51.2394917039017,0.0840915186600526
68,가부제,183,12,51.9618903475423,53.4945376153892,1.5326472678469,9617.83079655036,52.5564524401659,52.3734594006154,0.397603979564802,51.9724309942681,52.5933543907698,52.158859307064,52.8582600620004,0.699400754936363
69,서벽-도심(황기),52,4,51.8010578519681,52.158859307064,0.357801455095903,2705.32188500248,52.0254208654323,51.9724309942681,0.095751658740509,51.8010578519681,51.9618903475423,51.9618903475423,52.158859307064,0.196968959521733
70,서벽(호랑이숲),28,3,51.9724309942681,52.4055244577792,0.433093463511135,1460.47571377915,52.1598469206839,52.1730373474403,0.0778981334015471,52.4055244577792,52.1730373474403,52.1730373474403,52.1730373474403,0
71,갈산(상버내골),175,8,49.718679949699,50.1818957500537,0.463215800354646,8735.70057388214,49.9182889936122,49.9332779705085,0.118741388878737,49.7535943212275,49.9332779705085,49.8355682692212,49.9369228961065,0.101354626885225
72,재산-동면,98,5,49.2769174448309,49.718679949699,0.441762504868123,4858.11742313968,49.5726267667314,49.5641257134822,0.111119726536395,49.2769174448309,49.5641257134822,49.560131998597,49.5641257134822,0.00399371488522604
73,노른가리재,107,4,51.0694745364949,51.5243117132136,0.45483717671874,5486.92930200961,51.2797131028935,51.2245467726704,0.137953087896965,51.5243117132136,51.2245467726704,51.2245467726704,51.374270892697,0.149724120026654
74,서벽(금정1),11,1,51.8192081328291,51.8192081328291,0,570.01128946112,51.8192081328291,51.8192081328291,7.105427357601e-15,51.8192081328291,51.8192081328291,51.8192081328291,51.8192081328291,0
75,주실령,44,4,51.8192081328291,52.4055244577792,0.586316324950133,2291.72278023815,52.0846086417761,51.9850159397711,0.138995691174283,51.8192081328291,51.9850159397711,51.9850159397711,52.1880847014229,0.20306876165187
76,서벽(금정2),51,2,51.6646539215881,51.8192081328291,0.154554211240999,2639.53397633822,51.7555681634946,51.8192081328291,0.0760643120457925,51.6646539215881,51.8192081328291,51.6646539215881,51.8192081328291,0.154554211240999
77,서벽(상금정2),132,7,51.0740752477093,51.5139516767031,0.439876428993806,6775.78349074192,51.3316931116812,51.3595301021816,0.117482447656016,51.0740752477093,51.3595301021816,51.2143666274096,51.3595301021816,0.145163474771991
78,우구치(도래기재),66,4,51.5139516767031,51.8308998768195,0.316948200116443,3412.3041785923,51.7015784635196,51.6754726894859,0.13198383598549,51.6646539215881,51.8308998768195,51.5139516767031,51.8308998768195,0.316948200116443
79,우구치(도래기재-박달령),50,5,51.6754726894859,52.2033593613176,0.527886671831631,2594.79050700184,51.8958101400368,51.8308998768195,0.171854331302563,51.9982542596634,51.8308998768195,51.6754726894859,52.0115603440109,0.336087654524938
80,서벽(참새골),122,6,51.234412856469,51.6548804268254,0.420467570356351,6267.71608687284,51.3747220235479,51.2788133556346,0.165412001435671,51.3595301021816,51.234412856469,51.234412856469,51.5061946488778,0.271781792408788
81,우구치-서벽,83,5,50.941250463105,51.234412856469,0.293162393364057,4244.28898933585,51.1360119197091,51.104616748531,0.077847452683357,50.941250463105,51.0740752477093,51.0740752477093,51.2143666274096,0.140291379700351
82,우구치(박달령1),32,1,52.0115603440109,52.0115603440109,0,1664.36993100835,52.0115603440108,52.0115603440109,2.1316282072803e-14,52.0115603440109,52.0115603440109,52.0115603440109,52.0115603440109,0
83,박달령(2),48,3,52.0115603440109,52.4223007831558,0.410740439144888,2509.29145449719,52.2769053020247,52.2033593613176,0.111060746276244,52.0115603440109,52.2033593613176,52.2033593613176,52.4223007831558,0.218941421838196
84,청옥산,50,4,50.5324196036356,50.904597910678,0.372178307042383,2539.32732196329,50.7865464392658,50.8223098973231,0.129940965336735,50.904597910678,50.8223098973231,50.8223098973231,50.8663814654574,0.0440715681343207
85,갈산(봉화터널),16,2,48.8338357376969,49.2232656334099,0.389429895713029,785.235670760281,49.0772294225175,49.2232656334099,0.188531937576481,48.8338357376969,49.2232656334099,48.8338357376969,49.2232656334099,0.389429895713029
86,봉화터널,25,2,49.2232656334099,49.5953032434429,0.372037610033018,1231.69775366535,49.2679101466139,49.2232656334099,0.120897913275089,49.5953032434429,49.2232656334099,49.2232656334099,49.2232656334099,0
87,도심(1리-2리),70,4,52.1363911694562,52.5933543907698,0.456963221313643,3659.11545982049,52.2730779974355,52.1363911694562,0.18072796302844,52.3584196205803,52.1363911694562,52.1363911694562,52.3584196205803,0.222028451124139
88,고선(청옥산),36,4,50.5324196036356,50.9385453139601,0.406125710324424,1827.44427818184,50.7623410606067,50.904597910678,0.178447498682963,50.5324196036356,50.904597910678,50.5615887023016,50.904597910678,0.34300920837638
89,오전(주실령),42,4,52.1880847014229,52.6618459831065,0.473761281683537,2207.58493419936,52.5615460523657,52.6618459831065,0.14202702944958,52.1880847014229,52.6618459831065,52.4055244577792,52.6618459831065,0.256321525327238
90,갈산(상버내골1),20,2,50.0799070332287,50.1818957500537,0.101988716824955,1002.00609553187,50.1003047765937,50.0799070332287,0.0407954867299821,50.1818957500537,50.0799070332287,50.0799070332287,50.0799070332287,0
91,갈산(상버내골2),22,3,49.9014212273842,50.1818957500537,0.280474522669486,1101.83442961445,50.0833831642931,50.0799070332287,0.0846693843196834,49.9014212273842,50.0799070332287,50.0799070332287,50.1818957500537,0.101988716824955
92,갈산(상버내골3),18,1,49.9014212273842,49.9014212273842,0,898.225582092915,49.9014212273842,49.9014212273842,1.4210854715202e-14,49.9014212273842,49.9014212273842,49.9014212273842,49.9014212273842,0
93,동면(미목),39,3,49.3742348418497,49.560131998597,0.185897156747316,1929.29877734694,49.4691994191524,49.4827434858105,0.0705336982492158,49.560131998597,49.4827434858105,49.3742348418497,49.5214377422037,0.14720290035406
94,수목원내,42,2,52.1730373474403,52.4055244577792,0.232487110338973,2198.00969479232,52.3335641617219,52.4055244577792,0.107478170252589,52.1730373474403,52.4055244577792,52.1730373474403,52.4055244577792,0.232487110338973
95,개단(자작둔지),40,3,52.3891404535408,52.8934812614685,0.504340807927754,2108.50300134091,52.7125750335228,52.6443785613896,0.137016481523759,52.3891404535408,52.6443785613896,52.6443785613896,52.8934812614685,0.249102700078986
96,갈산(성안자원3),29,1,49.5953032434429,49.5953032434429,0,1438.26379405984,49.5953032434429,49.5953032434429,7.105427357601e-15,49.5953032434429,49.5953032434429,49.5953032434429,49.5953032434429,0
97,갈산(성안자원1),21,2,49.5696002176335,49.5953032434429,0.0257030258094559,1041.19293180259,49.5806158001232,49.5696002176335,0.0127196990314948,49.5953032434429,49.5696002176335,49.5696002176335,49.5953032434429,0.0257030258094559
98,갈산(성안자원5),15,1,49.5953032434429,49.5953032434429,0,743.929548651644,49.5953032434429,49.5953032434429,7.105427357601e-15,49.5953032434429,49.5953032434429,49.5953032434429,49.5953032434429,0
99,갈산(성안자원7),8,2,49.5696002176335,49.5953032434429,0.0257030258094559,396.608207792687,49.5760259740858,49.5696002176335,0.011129736652558,49.5953032434429,49.5696002176335,49.5696002176335,49.5824517305382,0.0128515129047244
100,갈산(성안자원4),5,2,49.5696002176335,49.9226744172685,0.353074199634996,248.554149487437,49.7108298974875,49.5696002176335,0.172970326089461,49.9226744172685,49.5696002176335,49.5696002176335,49.9226744172685,0.353074199634996
101,갈산(성안자원2),20,2,49.5696002176335,49.9226744172685,0.353074199634996,994.216597949749,49.7108298974875,49.5696002176335,0.172970326089461,49.9226744172685,49.5696002176335,49.5696002176335,49.9226744172685,0.353074199634996
102,갈산(성안자원6),19,2,49.5696002176335,49.9226744172685,0.353074199634996,945.706220331021,49.7740115963695,49.9226744172685,0.174322609511056,49.5696002176335,49.9226744172685,49.5696002176335,49.9226744172685,0.353074199634996
103,갈산(성안자원8),28,3,49.1840222809578,49.5696002176335,0.385577936675716,1381.70738452983,49.3466923046368,49.1840222809578,0.188041394935903,49.533512929086,49.1840222809578,49.1840222809578,49.5696002176335,0.385577936675716
104,남회룡,18,1,48.8338357376969,48.8338357376969,0,879.009043278544,48.8338357376969,48.8338357376969,1.4210854715202e-14,48.8338357376969,48.8338357376969,48.8338357376969,48.8338357376969,0
105,동면-미목,35,4,49.5244962360101,49.9332779705085,0.408781734498334,1739.65947906632,49.7045565447521,49.7327143762705,0.0958610197157039,49.9332779705085,49.7327143762705,49.7327143762705,49.7535943212275,0.0208799449570094
106,수목원(2),13,1,52.158859307064,52.158859307064,0,678.065170991833,52.1588593070641,52.158859307064,7.105427357601e-15,52.158859307064,52.158859307064,52.158859307064,52.158859307064,0
107,수목원(1),49,3,52.158859307064,52.3891404535408,0.230281146476734,2561.95573037942,52.2848108240698,52.3891404535408,0.111029720106271,52.158859307064,52.3891404535408,52.1730373474403,52.3891404535408,0.216103106100519
108,개단(축서사),27,2,52.3891404535408,52.6271946786417,0.238054225100875,1419.02982252252,52.5566600934266,52.6271946786417,0.108701096198353,52.3891404535408,52.6271946786417,52.3891404535408,52.6271946786417,0.238054225100875
109,우구치(1공구),20,2,50.941250463105,51.0694745364949,0.128224073389909,1020.23547406939,51.0117737034694,51.0694745364949,0.0637906710787982,50.941250463105,51.0694745364949,50.941250463105,51.0694745364949,0.128224073389909
110,우구치(2공구),20,1,50.941250463105,50.941250463105,0,1018.8250092621,50.941250463105,50.941250463105,2.1316282072803e-14,50.941250463105,50.941250463105,50.941250463105,50.941250463105,0
111,우곡-서벽,38,3,52.158859307064,52.3891404535408,0.230281146476734,1986.05626588161,52.2646385758319,52.158859307064,0.111630030953305,52.3734594006154,52.158859307064,52.158859307064,52.3891404535408,0.230281146476734
112,우곡-도심,29,2,52.1459757842573,52.3584196205803,0.212443836323011,1517.96928132418,52.3437683215236,52.3584196205803,0.0538323101369715,52.1459757842573,52.3584196205803,52.3584196205803,52.3584196205803,0
113,석포전환,7,1,47.6586898366696,47.6586898366696,0,333.610828856687,47.6586898366696,47.6586898366696,7.105427357601e-15,47.6586898366696,47.6586898366696,47.6586898366696,47.6586898366696,0
114,불심골,10,1,48.0532287745555,48.0532287745555,0,480.532287745555,48.0532287745555,48.0532287745555,7.105427357601e-15,48.0532287745555,48.0532287745555,48.0532287745555,48.0532287745555,0
115,고선-분천,59,4,49.436419789675,50.2539978296372,0.817578039962179,2935.97173321847,49.7622327664148,49.8309573426361,0.203493291564813,50.2539978296372,49.8309573426361,49.8309573426361,49.8309573426361,0
116,다락제,115,5,49.0418823085645,49.8881617405326,0.8462794319681,5674.1347765277,49.3403024045887,49.436419789675,0.202010169585516,49.8881617405326,49.436419789675,49.0418823085645,49.4649516356433,0.423069327078785
117,두음(여우골-두음),104,7,48.5857023065709,49.0604543020712,0.474751995500277,5072.01253976761,48.7693513439193,48.6684735972714,0.180027413915649,49.0604543020712,49.0190699364104,48.6270879538294,49.0190699364104,0.391981982580965
118,죽미산(두음-분천),94,4,48.9776843758876,49.4110444353174,0.433360059429759,4629.78224368479,49.2530025923914,49.3696657067197,0.189522593657752,48.9776843758876,49.4110444353174,49.0190699364104,49.4110444353174,0.391974498907004
119,죽미산(두음-임기),103,6,49.3696657067197,50.1529117750624,0.783246068342649,5134.75398595479,49.851980446163,49.7616138188399,0.249432717462583,49.3696657067197,49.7616138188399,49.7616138188399,50.1121318826282,0.3505180637883
120,두음(Ⅰ),34,3,49.4934690565834,49.8809036087784,0.387434552194939,1686.11420934356,49.5915943924577,49.4934690565834,0.163825423362596,49.8432412212706,49.4934690565834,49.4934690565834,49.8432412212706,0.349772164687188
121,덕거-두음,75,3,49.8432412212706,50.22447732695,0.381236105679399,3755.11281435995,50.0681708581326,50.1917156331288,0.174031231362821,50.22447732695,50.1917156331288,49.8432412212706,50.1917156331288,0.348474411858206
122,두음(Ⅱ),10,1,49.8432412212706,49.8432412212706,0,498.432412212706,49.8432412212706,49.8432412212706,7.105427357601e-15,49.8432412212706,49.8432412212706,49.8432412212706,49.8432412212706,0
123,싸리내골2,21,2,49.1018288942951,49.4934690565834,0.391640162288326,1038.97121002596,49.4748195250459,49.4934690565834,0.0834032405329282,49.1018288942951,49.4934690565834,49.4934690565834,49.4934690565834,0
124,장군봉(남회룡-두음),94,5,48.7926043181065,49.4934690565834,0.700864738476959,4619.89692036068,49.1478395783051,49.1431304095968,0.0937349772914567,48.7926043181065,49.1431304095968,49.1018288942951,49.1840222809578,0.0821933866626523
125,싸리내골1,26,3,49.1018288942951,49.4934690565834,0.391640162288326,1286.06872470338,49.4641817193606,49.4934690565834,0.0750071155247967,49.1018288942951,49.4934690565834,49.4523767670829,49.4934690565834,0.041092289500483
126,대현(늦재2),150,8,50.0537236799041,50.8223098973231,0.768586217419021,7578.47463826265,50.5231642550843,50.4708698396579,0.171491149934909,50.5324196036356,50.4708698396579,50.4708698396579,50.5022979488706,0.0314281092126976
127,대현(늦재1),34,4,50.0825185900541,50.5324196036356,0.449901013581581,1713.1732315031,50.3874479853852,50.5022979488706,0.18609818405653,50.0825185900541,50.5022979488706,50.111253291821,50.5022979488706,0.391044657049591
128,대현(청옥산휴양림),57,4,50.111253291821,50.5324196036356,0.421166311814652,2863.1510390741,50.2307199837561,50.1398807532764,0.177239008220172,50.5324196036356,50.111253291821,50.111253291821,50.5022979488706,0.391044657049591
129,대현(달바위봉),54,3,50.0537236799041,50.111253291821,0.0575296119168982,2704.39787216717,50.0814420771698,50.0825185900541,0.0174744170714245,50.111253291821,50.0825185900541,50.0825185900541,50.0825185900541,0
130,고선-대현,53,4,50.5324196036356,50.6192596354904,0.0868400318547913,2679.72833691774,50.5609120173159,50.5615887023016,0.0284257115328817,50.6192596354904,50.5324196036356,50.5324196036356,50.5904480971978,0.0580284935621265
131,성황골,129,7,49.2653533397439,49.7454230979411,0.480069758197175,6376.13385961996,49.4273942606199,49.322375296723,0.183998622633008,49.2653533397439,49.322375296723,49.2938643182334,49.6883913952789,0.39452707704551
132,중미골,102,8,45.8000422450669,49.7739349689332,3.97389272386637,4993.14291592054,48.9523815286327,49.3508862752125,1.11554253644635,49.7739349689332,49.379397253702,48.9848594052335,49.379397253702,0.394537848468531
133,석포(소광-석포),63,5,46.9551481871561,47.3496860540572,0.394537866901096,2970.19619078741,47.1459712823399,47.2926631869024,0.18082325663535,46.98365918419,46.9551481871561,46.9551481871561,47.3211750496225,0.366026862466448
134,삿갓봉골,40,3,46.8981124091073,47.2926631869024,0.394550777795089,1882.12799931149,47.0531999827873,46.9266365371351,0.185816090683688,46.9266365371351,46.8981124091073,46.8981124091073,47.2926631869024,0.394550777795089
135,석포(2),26,2,46.9266365371351,46.9551481871561,0.0285116500210094,1220.57724801587,46.9452787698411,46.9551481871561,0.0135642166842999,46.9266365371351,46.9551481871561,46.9266365371351,46.9551481871561,0.0285116500210094
136,석포(1),15,1,46.9266365371351,46.9266365371351,0,703.899548057026,46.9266365371351,46.9266365371351,7.105427357601e-15,46.9266365371351,46.9266365371351,46.9266365371351,46.9266365371351,0
137,바른골,33,3,50.1398807532764,50.5324196036356,0.392538850359252,1660.39710147204,50.315063680971,50.1684300241657,0.186890518601642,50.1398807532764,50.5324196036356,50.1398807532764,50.5324196036356,0.392538850359252
138,명산골,3,1,48.419255618854,48.419255618854,0,145.257766856562,48.419255618854,48.419255618854,7.105427357601e-15,48.419255618854,48.419255618854,48.419255618854,48.419255618854,0
139,소반야,16,3,47.7157129239244,48.1102507728279,0.394537848903511,767.144802317545,47.9465501448465,48.1102507728279,0.185814465015503,47.7157129239244,48.1102507728279,47.7442239028489,48.1102507728279,0.366026869978988
140,남회룡(산불),26,3,48.4006479604459,48.7926043181065,0.391956357660611,1264.8929914507,48.6497304404115,48.7512421781934,0.166670251951162,48.7926043181065,48.7512421781934,48.4006479604459,48.7512421781934,0.350594217747535
141,취수댐,19,2,47.2926631869024,47.3211750496225,0.0285118627201868,898.902742903787,47.3106706791467,47.3211750496225,0.0137534493809943,47.2926631869024,47.3211750496225,47.2926631869024,47.3211750496225,0.0285118627201868
142,오전노선,36,6,47.9961790254693,48.8423045127858,0.846125487316542,1739.73707653407,48.3260299037242,48.3907422511059,0.261840066511583,48.0247164050136,47.9961790254693,48.0247164050136,48.4335111412564,0.408794736242783
143,소반야1,36,3,48.0817397937916,48.4762776428068,0.394537849015201,1731.42270336262,48.0950750934062,48.0817397937916,0.0649138006027995,48.4762776428068,48.0817397937916,48.0817397937916,48.0817397937916,0
144,소반야3,32,2,47.687201912089,47.7157129239244,0.0285110118354055,1526.07599422235,47.6898748194486,47.687201912089,0.00831040670549776,47.7157129239244,47.687201912089,47.687201912089,47.687201912089,0
145,소반야2,23,3,47.7157129239244,48.1102507728279,0.394537848903511,1100.45125002398,47.8457065227818,47.7442239028489,0.175383069527191,48.1102507728279,47.7157129239244,47.7157129239244,48.1102507728279,0.394537848903511
146,고선(강시골),35,3,50.1684300241657,50.5615887023016,0.393158678135904,1766.69931014294,50.4771231469412,50.5615887023016,0.154759447077631,50.1684300241657,50.5615887023016,50.5324196036356,50.5615887023016,0.0291690986660029
147,승부(결둔),23,2,49.379397253702,49.4079082322203,0.0285109785183124,1136.01124662033,49.3917933313186,49.379397253702,0.0141337030661345,49.4079082322203,49.379397253702,49.379397253702,49.4079082322203,0.0285109785183124
148,두음(벧엘선교원),31,3,49.0604543020712,49.4523767670829,0.39192246501176,1528.36198479165,49.3019995094082,49.4523767670829,0.189354276858844,49.1018288942951,49.4523767670829,49.0604543020712,49.4523767670829,0.39192246501176
149,도시내골,31,3,49.4110444353174,49.8028075351184,0.391763099801075,1536.91796245578,49.5779987888963,49.4110444353174,0.191306924862095,49.4523767670829,49.4110444353174,49.4110444353174,49.8028075351184,0.391763099801075
150,여우골,41,3,48.894913567755,48.9776843758876,0.0827708081326293,2006.38824845763,48.936298742869,48.9362987311279,0.00914050665668162,48.894913567755,48.9362987311279,48.9362987311279,48.9362987311279,0
151,여우천(1),44,3,48.4615542810312,48.894913567755,0.433359286723771,2140.08926568366,48.6383924019015,48.5029312254301,0.204148420006702,48.5029312254301,48.4615542810312,48.4615542810312,48.894913567755,0.433359286723771
152,여우천(2),11,2,48.894913567755,48.9362987311279,0.0413851633729365,537.885434408678,48.8986758553343,48.894913567755,0.0118973979633324,48.9362987311279,48.894913567755,48.894913567755,48.894913567755,0
153,현동-고선,21,2,49.9179169632463,50.3119533744464,0.394036411200076,1053.79276598497,50.1806079040463,50.3119533744464,0.18575054559599,49.9179169632463,50.3119533744464,49.9179169632463,50.3119533744464,0.394036411200076
154,현동,50,3,49.8881617405326,50.3119533744464,0.423791633913794,2496.75786846199,49.9351573692397,49.9179169632463,0.112021975715006,50.3119533744464,49.8881617405326,49.8881617405326,49.9179169632463,0.0297552227137174
155,반야골,11,1,47.6586898366696,47.6586898366696,0,524.245588203366,47.6586898366696,47.6586898366696,7.105427357601e-15,47.6586898366696,47.6586898366696,47.6586898366696,47.6586898366696,0
156,선구(마당골),67,4,43.6747970807493,44.1158116469687,0.441014566219437,2942.90831948234,43.9240047683931,44.074350651399,0.200254041894469,43.6747970807493,44.1158116469687,43.7165694344134,44.1158116469687,0.399242212555258
157,갈면_길곡,32,2,44.8314241776028,44.8728098248613,0.0413856472584939,1435.47467227572,44.8585835086162,44.8728098248613,0.0196564806616543,44.8314241776028,44.8728098248613,44.8314241776028,44.8728098248613,0.0413856472584939
158,광회전환,31,3,47.2855999951696,47.6775826871443,0.391982691974675,1475.94102907891,47.6110009380293,47.6362407325888,0.126705729806142,47.2855999951696,47.6775826871443,47.6362407325888,47.6775826871443,0.0413419545555129
159,쌍전(진장골),21,4,46.8111226469094,47.98762059969,1.17649795278053,991.866749091119,47.23174995672,46.8522500497133,0.526807118178617,47.5953970345687,46.8111226469094,46.8111226469094,47.98762059969,1.17649795278053
160,쌍전(구시골),29,2,46.771381314596,46.8111226469094,0.0397413323133975,1356.92643677567,46.790566785368,46.771381314596,0.0198588489292743,46.8111226469094,46.771381314596,46.771381314596,46.8111226469094,0.0397413323133975
161,갈면산불예방,68,4,44.4394481508372,44.8728098248613,0.433361674024098,3043.83550700018,44.7622868676498,44.8314241776028,0.166536610182686,44.7900385303443,44.8728098248613,44.7900385303443,44.8728098248613,0.0827712945169878
162,쌍전전환(태거리골),22,2,47.2855999951696,47.3269847972796,0.0413848021099668,1040.90397192538,47.3138169056991,47.3269847972796,0.0192758195309005,47.2855999951696,47.3269847972796,47.2855999951696,47.3269847972796,0.0413848021099668
163,조금_기산로,113,6,45.576342193891,46.380024617572,0.803682423680989,5201.00519038145,46.0265946051456,46.0071744531676,0.301077132031227,45.6175851329492,46.0071744531676,45.9677968222878,46.3536287900373,0.38583196774951
164,구주령_죽파로,113,6,45.637262721988,46.1534010632497,0.516138341261787,5177.0082442052,45.8142322496036,45.7200340165049,0.187578919632543,45.7614196614311,45.7200340165049,45.7200340165049,45.7614196614311,0.0413856449261658
165,조금,77,4,44.8341511873254,45.2671165565443,0.432965369218827,3470.35112689305,45.0694951544552,45.2257732385099,0.207711870276259,44.8755417098549,44.8341511873254,44.8341511873254,45.2671165565443,0.432965369218827
166,이평_선구로,52,4,44.0328896558293,44.4202360326294,0.38734637680006,2298.63229493175,44.204467210226,44.074350651399,0.178828253924169,44.1158116469687,44.4202360326294,44.0328896558293,44.4202360326294,0.38734637680006
167,길곡_이평로,42,5,43.9499676646899,44.7291488870977,0.779181222407807,1861.50540123787,44.3215571723302,44.2960614660647,0.176228667565538,44.7291488870977,44.2960614660647,44.2960614660647,44.3374529882529,0.0413915221882064
168,방율_삼산로,65,3,43.4241629587642,43.8255846779808,0.401421719216593,2838.50497438776,43.6693072982732,43.7841236824111,0.175963497869988,43.8255846779808,43.7841236824111,43.4241629587642,43.7841236824111,0.359960723646893
169,전곡,118,5,47.8297571130481,48.2242947729993,0.394537659951204,5677.61905559934,48.1154157254182,48.1957837082965,0.149594111607041,47.8582788525391,48.1957837082965,48.167272729807,48.1957837082965,0.0285109784895212
170,전곡(골포동),94,5,47.3496860540572,48.167272729807,0.817586675749801,4482.11908034805,47.6821178760431,47.7727348813384,0.172065575772909,48.167272729807,47.7727348813384,47.7442239028489,47.7727348813384,0.0285109784895212
171,소광천_전곡로,91,6,46.2516097549018,47.0121701638593,0.760560408957552,4249.41109475682,46.6968252171079,46.6176323277621,0.227316110636926,47.0121701638593,46.5891213246896,46.5891213246896,46.98365918419,0.394537859500389
172,대광천_소광로,188,10,46.1374668305263,47.0406820730338,0.903215242507493,8754.64228990958,46.5672462229233,46.5606098873678,0.356411331803303,46.1374668305263,46.5606098873678,46.1945832327615,46.98365918419,0.789075951428501
173,갈면_왕피로,199,11,43.964929288559,45.1820206021445,1.21709131358551,8881.23437946722,44.629318489785,44.7072672358273,0.334937430709421,45.1820206021445,44.7900385303443,44.3980623313714,44.7900385303443,0.391976198972884
174,광회_쌍전,29,3,47.6362407325888,48.0282549660131,0.392014233424284,1389.95339128144,47.9294272855669,48.0282549660131,0.165824914664506,47.98762059969,48.0282549660131,47.98762059969,48.0282549660131,0.0406343663231183
175,고초령_송방로,97,6,44.7900385303443,45.6567739684617,0.866735438117395,4385.44065254588,45.2107283767617,45.2647918966615,0.264140430369315,44.8728098248613,45.2647918966615,44.8728098248613,45.2647918966615,0.391982071800221
176,수곡_박달재로,197,8,44.5003392308441,46.1924242285112,1.69208499766708,8887.09621415777,45.1121635236435,44.9750923658521,0.462543792129157,46.1924242285112,45.3670744376523,44.5831102940519,45.3670744376523,0.783964143600414
177,전곡_쌍전로,15,2,47.8869574650115,47.9166949216311,0.0297374566196851,718.423311801651,47.8948874534434,47.8869574650115,0.0131503981102621,47.9166949216311,47.8869574650115,47.8869574650115,47.9018261933213,0.0148687283098425
178,대흥,197,7,44.2788193096756,45.1278221182305,0.8490028085549,8810.06137584094,44.7211237352332,44.7340862315502,0.217448150014533,45.0969529922938,44.7340862315502,44.7025848492097,44.7701127421099,0.0675278929002303
179,통고산_박달재로,129,7,46.1510385812527,47.01777401937,0.866735438117246,6000.0393767564,46.5119331531504,46.5430206530528,0.311007710460509,46.9763883721115,46.1510385812527,46.1510385812527,46.6257919475698,0.474753366317053
180,휴양림_광회로,118,7,46.8936175736205,47.8431238102289,0.949506236608372,5564.85798126751,47.1598134005721,46.9763883721115,0.297106264199508,47.8431238102289,46.9763883721115,46.9763883721115,47.4097560911702,0.433367719058765
181,소광_대리골로,127,7,46.3787557217901,47.5568843122993,1.17812859050927,5960.71254846032,46.9347444760655,47.1290511944286,0.314880044771469,47.5568843122993,47.1641107377417,46.771381314596,47.1641107377417,0.392729423145695
182,두천_솔평지로,228,8,45.0680230043671,46.3417531588382,1.27373015447115,10388.3807608139,45.5630735123418,45.5216057358415,0.349306477391256,46.3417531588382,45.9154728800162,45.1278221182305,45.9154728800162,0.787650761785699
183,광회_왕피로,123,7,46.2751955230282,47.4511417384287,1.17594621540052,5773.49069227081,46.9389487176489,46.7085632420868,0.326554665887822,46.2751955230282,46.6671775948283,46.6671775948283,47.100545313887,0.43336771905868
184,대광천_두천로,88,6,44.9805256585406,46.2230945441867,1.24256888564614,4012.60173276738,45.5977469632656,45.8285567905247,0.353653538059826,44.9805256585406,45.8285567905247,45.4054747505965,45.8285567905247,0.423082039928197
185,덕거리_운무터로,108,6,46.8522500497133,47.6362407325888,0.783990682875462,5116.8417644954,47.3781644860685,47.2649218092074,0.213919419577209,46.8522500497133,47.5953970345687,47.2442436232453,47.5953970345687,0.351153411323416
186,작은빛내,3,1,46.2516097549018,46.2516097549018,0,138.754829264705,46.2516097549018,46.2516097549018,0,46.2516097549018,46.2516097549018,46.2516097549018,46.2516097549018,0
187,삼근_소광,132,8,45.5556193267965,46.0682709173144,0.512651590517912,6060.29910470429,45.9113568538204,45.9863371677658,0.173092723535535,45.9154728800162,46.0269609512813,45.9485301109632,46.0269609512813,0.07843084031812
188,전곡(홍이동),35,3,47.3269847972796,47.7603525157119,0.433367718432336,1663.21517195559,47.5204334844453,47.3683704439118,0.196297108718728,47.3269847972796,47.3683704439118,47.3683704439118,47.7603525157119,0.391982071800179
189,쌍전,150,8,47.2442436232453,48.3800299072666,1.1357862840213,7137.55845746006,47.5837230497337,47.5568843122993,0.306444404606829,48.3800299072666,47.2442436232453,47.2442436232453,47.98762059969,0.743376976444694
190,좌석골,22,3,47.0406820730338,47.0981589416838,0.0574768686499638,1035.63946671445,47.074521214293,47.069224922734,0.0165630170717486,47.0406820730338,47.069224922734,47.069224922734,47.0981589416838,0.028934018949812
191,쌍전전환,2,1,47.2442436232453,47.2442436232453,0,94.4884872464905,47.2442436232453,47.2442436232453,0,47.2442436232453,47.2442436232453,47.2442436232453,47.2442436232453,0
192,간선2,123,10,43.4693294744605,47.2961963492102,3.82686687474977,5603.50343752046,45.5569385164265,45.4791572038613,1.36371712602495,45.3050253611278,45.4791572038613,45.2696559693908,47.0833652654117,1.81370929602091
193,작업3,35,5,45.0247850962648,46.3384555710714,1.31367047480666,1597.05106486084,45.6300304245955,45.9464734992712,0.572511666064444,45.9050878520127,45.0247850962648,45.0247850962648,46.2970699238129,1.27228482754816
194,6번 노래,15,2,41.8666082130751,41.9024957106207,0.0358874975455521,628.357998171583,41.8905332114388,41.9024957106207,0.0169175285828503,41.8666082130751,41.9024957106207,41.8666082130751,41.9024957106207,0.0358874975455521
195,5번 신흥~노래,35,4,41.8327472143702,41.9024683786685,0.0697211642982296,1465.31540286767,41.8661543676478,41.8671786372695,0.0155322220586653,41.9024683786685,41.8671786372695,41.8666082130751,41.8671786372695,0.000570424194336283
196,14번 창수~백청,88,7,45.7239904703138,46.3512094987567,0.62721902844288,4052.99763515487,46.056791308578,45.9654004685875,0.18883717662315,45.933286683494,45.9654004685875,45.9654004685875,46.1659338971608,0.20053342857328
197,20번 삼의~속곡,87,7,43.2399630139033,44.048018336987,0.808055323083622,3794.11043725917,43.6104647960825,43.629484981308,0.221598728998472,43.3090199150941,43.629484981308,43.4693294744605,43.8385393045789,0.369209830118436
198,30번 창수~양구,36,2,45.2696559693908,45.3050253611278,0.0353693917370137,1630.37963334107,45.2883231483631,45.3050253611278,0.0176573835805965,45.2696559693908,45.3050253611278,45.2696559693908,45.3050253611278,0.0353693917370137
199,36번 대리~창수,58,5,44.2575191496874,44.7118913025922,0.454372152904824,2578.37701909353,44.4547761912677,44.5023900229691,0.100056638037259,44.4670204312939,44.5023900229691,44.5023900229691,44.5023900229691,0
200,37번 대리,72,5,43.8740146569017,44.292888781978,0.418874125076314,3178.43645751892,44.1449507988738,44.0833916355673,0.0977500868410323,43.8740146569017,44.0833916355673,44.0833916355673,44.2575191496874,0.17412751412003
201,40번 삼의,43,4,43.629484981308,44.2575191496874,0.628034168379358,1891.76546692388,43.9945457424159,44.2575191496874,0.285107787002393,43.629484981308,44.2575191496874,43.6662650375584,44.2575191496874,0.591254112129
202,97번 삼의(1),32,2,44.048018336987,44.2575191496874,0.209500812700405,1409.95558840898,44.0611121377807,44.048018336987,0.0507120724128492,44.2575191496874,44.048018336987,44.048018336987,44.048018336987,0
203,99번 삼의(2),12,2,43.8385393045789,44.048018336987,0.209479032408062,527.319345849395,43.9432788207829,43.9432788207829,0.104739516204031,43.8385393045789,43.8385393045789,43.8385393045789,44.048018336987,0.209479032408062
204,42번 삼의,11,2,44.2575191496874,44.4670204312939,0.209501281606563,488.0897183362,44.3717925760182,44.4670204312939,0.104316888874688,44.2575191496874,44.4670204312939,44.2575191496874,44.4670204312939,0.209501281606563
205,53번 창수~영리,38,2,45.5145230822303,45.7239904703138,0.209467388083425,1735.83589876726,45.6798920728225,45.7239904703138,0.085396179539018,45.5145230822303,45.7239904703138,45.7239904703138,45.7239904703138,0
206,59번 홍계,15,3,44.815283813491,45.06015468794,0.244870874448928,675.1296218368,45.0086414557867,45.0247850962648,0.0775144537600312,44.815283813491,45.0247850962648,45.0247850962648,45.06015468794,0.0353695916751846
207,77번 장전,40,3,42.1546780107418,42.22644770173,0.0717696909882122,1687.73012107451,42.1932530268628,42.1905610891468,0.0202798589331807,42.1546780107418,42.1905610891468,42.1905610891468,42.1905610891468,0
208,89번 개일,14,2,42.1905610891468,42.2259758327444,0.035414743597606,591.128246914825,42.2234462082018,42.2259758327444,0.00912069099632703,42.1905610891468,42.2259758327444,42.2259758327444,42.2259758327444,0
209,79번 노래,44,3,41.7953045512432,41.8666082130751,0.0713036618319336,1839.95897934266,41.8172495305149,41.7953045512432,0.0266017365369273,41.8666082130751,41.7953045512432,41.7953045512432,41.8311855862534,0.0358810350101919
210,7번 죽파~신원,112,7,46.1120160497164,46.9756244528864,0.863608403170019,5202.98348574189,46.455209694124,46.5039949042455,0.274438740535522,46.5453516946244,46.5039949042455,46.1534010632497,46.5865569303708,0.43315586712103
211,12번 죽파~기산,112,7,45.8441896586012,46.707688245124,0.86349858652278,5180.48544713948,46.2543343494597,46.3173115014184,0.198151007543506,46.2361150934235,46.3173115014184,46.2772189983878,46.3173115014184,0.0400925030305999
212,9번 죽파,83,7,45.802805226959,47.0086876666288,1.20588243966977,3837.97309445674,46.2406396922499,46.1947802308737,0.332247039204065,47.0086876666288,45.8441896586012,45.8441896586012,46.6270306829672,0.782841024365979
213,10번 가천~오기,49,4,47.6474885623991,47.8664895671646,0.219001004765509,2340.14514567869,47.7580641975244,47.8201647729799,0.0837624034616146,47.8664895671646,47.8201647729799,47.6725215443503,47.8201647729799,0.147643228629605
214,13번 창수~대리,73,5,44.5023900229691,45.1308921865024,0.62850216353327,3274.2363096206,44.8525521865836,44.9213924765393,0.209840886737777,44.5023900229691,44.7118913025922,44.7118913025922,45.1308921865024,0.419000883910172
215,15번 죽파~본신,13,2,46.1120160497164,46.1534010632497,0.041385013533322,599.870058781647,46.1438506755113,46.1534010632497,0.0174365426575823,46.1120160497164,46.1534010632497,46.1534010632497,46.1534010632497,0
216,16번 기산~울진,27,4,46.3536287900373,46.707688245124,0.354059455086677,1252.8281278572,46.4010417724891,46.3536287900373,0.106833328639977,46.6880979582495,46.3536287900373,46.3536287900373,46.380024617572,0.026395827534671
217,18번 기산~보림,92,7,46.1438188640409,46.6880979582495,0.544279094208605,4273.44538252696,46.4504932883366,46.3512966000041,0.178400402544648,46.1438188640409,46.2714819942785,46.2714819942785,46.624194511012,0.352712516733519
218,21번 대리~신기,154,9,44.0833916355673,44.5377595496445,0.45436791407716,6827.08386084296,44.3317133820971,44.3282589594911,0.13401741761885,44.0833916355673,44.3282589594911,44.1542870875291,44.3990104706162,0.244723383087099
219,23번 영리,19,2,44.6546844284964,44.6954958049998,0.0408113765033988,848.806306529963,44.674016133156,44.6546844284964,0.0203774059259082,44.6954958049998,44.6546844284964,44.6546844284964,44.6954958049998,0.0408113765033988
220,24번 창수~무창,110,5,45.7239904703138,46.3474213598517,0.6234308895379,5076.22016734986,46.1474560668169,46.1417903070838,0.159490050482295,45.7239904703138,46.1417903070838,45.933286683494,46.3167913327406,0.383504649246611
221,25번 수리~보림,138,5,45.6581900233435,46.3844817495205,0.726291726176989,6374.2432630949,46.1901685731514,46.2714819942785,0.232287797944611,45.6581900233435,46.3844817495205,46.0412245440644,46.3844817495205,0.343257205456112
222,26번 삼계~수리,81,4,45.2671165565443,45.6964030233164,0.429286466772112,3692.70552505567,45.5889570994528,45.6581900233435,0.165812309665386,45.3082586512236,45.6581900233435,45.6581900233435,45.6964030233164,0.0382129999728491
223,29번 화천~무학,36,2,46.4911917464243,46.7001602511006,0.208968504676378,1680.78783203027,46.6885508897297,46.7001602511006,0.0478666231782269,46.4911917464243,46.7001602511006,46.7001602511006,46.7001602511006,0
224,32번 죽파~송하,93,7,46.2772189983878,47.224124383564,0.946905385176173,4342.5456128533,46.6940388478849,46.6648219287518,0.329489298017347,46.6270306829672,46.6648219287518,46.3173115014184,47.0271781071592,0.709866605740743
225,33번 신원,52,4,46.5039949042455,46.9366863163924,0.432691412146916,2432.55951278312,46.7799906304447,46.8958721722209,0.178369524279292,46.5039949042455,46.8958721722209,46.5453516946244,46.8958721722209,0.350520477596547
226,34번 무창~무학,70,4,46.7288359706422,47.1088863925479,0.3800504219057,3285.46312106291,46.9351874437559,46.9218644518652,0.125565916716571,46.7288359706422,46.9073660868201,46.9073660868201,47.1088863925479,0.201520305727783
227,35번 가천~칠성,101,5,47.6474885623991,47.9808423199954,0.333353757596285,4839.98794848831,47.92067275731,47.9265846864278,0.0899963208811628,47.6626318785241,47.9808423199954,47.9265846864278,47.9808423199954,0.0542576335675946
228,38번 무창~화천,10,2,46.7001602511006,46.7288359706422,0.0286757195415959,467.202332547797,46.7202332547797,46.7288359706422,0.0131408655406687,46.7001602511006,46.7288359706422,46.7001602511006,46.7288359706422,0.0286757195415959
229,41번 계리~칠성,36,4,47.6332408288503,47.9926066979299,0.359365869079554,1724.47593996724,47.9021094435345,47.9808423199954,0.147956671793009,47.6626318785241,47.9926066979299,47.8217370992597,47.9926066979299,0.170869598670137
230,39번 계리~칠성,42,4,47.5958712775763,47.9926066979299,0.396735420353522,2001.96542103138,47.6658433578901,47.6332408288503,0.120007891306463,47.9761486362153,47.6332408288503,47.5958712775763,47.6332408288503,0.0373695512739687
231,43번 기산,16,3,46.6880979582495,46.8691397591781,0.181041800928647,748.071498631631,46.754468664477,46.707688245124,0.0776489587880691,46.6880979582495,46.707688245124,46.707688245124,46.8691397591781,0.161451514054136
232,44번 무창~기산,34,4,46.7241739498021,46.9218644518652,0.197690502063075,1591.5594128234,46.8105709653941,46.7989878649102,0.0854462373714916,46.7241739498021,46.7288359706422,46.7288359706422,46.8691397591781,0.140303788535903
233,55번 무창,48,3,46.5452779210928,46.8691397591781,0.323861838085293,2239.5062908544,46.6563810594667,46.7241739498021,0.0922502293941986,46.8691397591781,46.7241739498021,46.5452779210928,46.7241739498021,0.178896028709254
234,58번 영리~금곡,14,2,44.5718808930483,44.6133284378152,0.0414475447668678,624.379360405578,44.5985257432556,44.6133284378152,0.0198598987712533,44.5718808930483,44.6133284378152,44.5718808930483,44.6133284378152,0.0414475447668678
235,69번 병곡.금곡,16,2,44.5718808930483,44.9582508855448,0.386369992496491,715.468314243752,44.7167696402345,44.5718808930483,0.187050568301649,44.9582508855448,44.5718808930483,44.5718808930483,44.9582508855448,0.386369992496491
236,60번 오기(1노선),22,2,47.6474885623991,47.6725215443503,0.0250329819511919,1048.39494626449,47.6543157392948,47.6474885623991,0.0111487331855856,47.6725215443503,47.6474885623991,47.6474885623991,47.6725215443503,0.0250329819511919
237,61번 오기,29,3,47.6474885623991,47.6725215443503,0.0250329819511919,1382.3989744776,47.6689301543999,47.6725215443503,0.00597422548753959,47.6474885623991,47.6725215443503,47.6626318785241,47.6725215443503,0.00988966582616513
238,62번 오기,5,1,47.6725215443503,47.6725215443503,0,238.362607721751,47.6725215443503,47.6725215443503,0,47.6725215443503,47.6725215443503,47.6725215443503,47.6725215443503,0
239,67번 영리~아곡,51,6,44.6133284378152,45.0967247429321,0.483396305116976,2286.61603748602,44.8356085781572,44.6954958049998,0.21056221470197,45.039117750695,44.6546844284964,44.6546844284964,45.0741605936761,0.419476165179624
240,70번 기산,38,4,46.8691397591781,47.0920674550845,0.222927695906414,1783.34282631436,46.9300743766937,46.9218644518652,0.0580097964668171,47.0920674550845,46.9691789075096,46.8691397591781,46.9691789075096,0.10003914833144
241,68번 기산,28,1,46.8691397591781,46.8691397591781,0,1312.33591325699,46.8691397591781,46.8691397591781,2.1316282072803e-14,46.8691397591781,46.8691397591781,46.8691397591781,46.8691397591781,0
242,71번 양구,26,2,45.06015468794,45.2696559693908,0.209501281450812,1173.4495334195,45.1326743622883,45.06015468794,0.0996687590912254,45.2696559693908,45.06015468794,45.06015468794,45.2696559693908,0.209501281450812
243,75번 화천~옥류,40,3,43.5994029636654,43.7443077315309,0.144904767865505,1746.7978829186,43.669947072965,43.6100768911856,0.0673002325036784,43.5994029636654,43.6100768911856,43.6100768911856,43.7443077315309,0.134230840345246
244,74번 화천~옥류,33,2,43.7443077315309,43.8887690624229,0.144461330892028,1445.00676844944,43.7880838924072,43.7443077315309,0.0663898350688586,43.8887690624229,43.7443077315309,43.7443077315309,43.8887690624229,0.144461330892028
245,81번 화천,28,3,43.5063550214184,43.6313958326581,0.125040811239693,1221.27976910164,43.6171346107728,43.6313958326581,0.0320474989101132,43.5063550214184,43.6313958326581,43.6100768911856,43.6313958326581,0.0213189414724368
246,45번 무창~기산,39,3,46.6880979582495,46.8691397591781,0.181041800928647,1823.83806978859,46.7650787125278,46.7241739498021,0.0701887846966383,46.6880979582495,46.7241739498021,46.7241739498021,46.8691397591781,0.144965809376039
247,19번 수하~본신,100,5,45.9050878520127,46.2970699238129,0.391982071800278,4607.05007720277,46.0705007720277,45.9050878520127,0.179167005731248,45.9464734992712,45.9050878520127,45.9050878520127,46.2556842765544,0.35059642454177
248,28번 본신,99,5,45.1211237084123,45.9050878520127,0.7839641436004,4505.88024353555,45.5139418538944,45.5131057802125,0.203394637138968,45.471720132954,45.5131057802125,45.5131057802125,45.5131057802125,0
249,27번 본신,83,5,45.1625093556708,45.9878591465297,0.825349790858908,3779.78830852527,45.5396181750033,45.554491427471,0.219921608049696,45.5131057802125,45.554491427471,45.554491427471,45.5958770747294,0.0413856472584797
250,31번 본신,97,5,45.9464734992712,46.6890519956131,0.742578496341942,4484.98688979735,46.2369782453335,46.2970699238129,0.248936546842815,45.9878591465297,46.3384555710714,45.9878591465297,46.3384555710714,0.35059642454177
251,66번 수하,19,2,46.6890519956131,46.7304376400445,0.0413856444314291,887.795543871984,46.7260812564202,46.7304376400445,0.0127009316745703,46.6890519956131,46.7304376400445,46.7304376400445,46.7304376400445,0
252,72번 수하,5,1,46.7304376400445,46.7304376400445,0,233.652188200223,46.7304376400445,46.7304376400445,0,46.7304376400445,46.7304376400445,46.7304376400445,46.7304376400445,0
253,73번 본신,35,4,45.9464734992712,46.3798412183299,0.433367719058744,1614.81214209588,46.137489774168,45.9878591465297,0.199509642317372,45.9878591465297,45.9464734992712,45.9464734992712,46.3384555710714,0.391982071800264
254,46번 본신(산불1),17,3,45.637262721988,46.0706304400472,0.433367718059287,779.651004443811,45.8618237908124,46.0292447937882,0.212088007659447,46.0292447937882,45.637262721988,45.637262721988,46.0706304400472,0.433367718059287
255,80번 본신,37,2,46.0292447937882,46.0706304400472,0.04138564625908,1704.1580841729,46.0583265992676,46.0706304400472,0.0189160752854535,46.0292447937882,46.0706304400472,46.0292447937882,46.0706304400472,0.04138564625908
256,50번 본신(산불2),11,1,46.0292447937882,46.0292447937882,0,506.32169273167,46.0292447937882,46.0292447937882,0,46.0292447937882,46.0292447937882,46.0292447937882,46.0292447937882,0
257,54번 본신,11,1,46.0292447937882,46.0292447937882,0,506.32169273167,46.0292447937882,46.0292447937882,0,46.0292447937882,46.0292447937882,46.0292447937882,46.0292447937882,0
258,57번 본신,26,2,45.637262721988,45.6786483692464,0.0413856472584655,1186.77575900798,45.6452215003069,45.637262721988,0.0163106419182641,45.6786483692464,45.637262721988,45.637262721988,45.637262721988,0
259,8번 신원~죽파,43,3,46.4626123333373,46.8545808605893,0.391968527252004,2000.28785586068,46.5183222293181,46.5039949042455,0.10947583050513,46.8545808605893,46.5039949042455,46.4626123333373,46.5039949042455,0.041382570908219
260,56번 발리,16,1,47.5958712775763,47.5958712775763,0,761.533940441221,47.5958712775763,47.5958712775763,7.105427357601e-15,47.5958712775763,47.5958712775763,47.5958712775763,47.5958712775763,0
261,90번 계리,8,1,47.5958712775763,47.5958712775763,0,380.766970220611,47.5958712775763,47.5958712775763,7.105427357601e-15,47.5958712775763,47.5958712775763,47.5958712775763,47.5958712775763,0
262,65번 오리,47,3,48.2668409043584,48.5300966404744,0.263255736116058,2273.32933195337,48.3687091904972,48.3087895746974,0.111757870392985,48.2668409043584,48.3087895746974,48.2878152395279,48.5300966404744,0.242281400946517
263,86번 기산,20,2,46.3173115014184,46.6952241996303,0.377912698211858,931.637007803335,46.5818503901667,46.6952241996303,0.173181354564084,46.3173115014184,46.6952241996303,46.3173115014184,46.6952241996303,0.377912698211858
264,83번 양구,46,4,45.2342863790386,45.4791572038613,0.244870824822712,2085.81878518092,45.3438866343678,45.2696559693908,0.0958523256631522,45.2342863790386,45.2696559693908,45.2696559693908,45.4437876618123,0.17413169242154
265,85번 사암,41,3,43.3198485717064,43.4648718284728,0.145023256766393,1777.68050913258,43.3580611983557,43.3288089659339,0.0607860711780065,43.4648718284728,43.3198485717064,43.3198485717064,43.3288089659339,0.00896039422750761
266,87번 중기(1),43,3,42.5203941065677,42.6062369140536,0.0858428074859816,1831.23828544601,42.5869368708374,42.6062369140536,0.0304752812431781,42.5203941065677,42.6062369140536,42.5871533968955,42.6062369140536,0.0190835171581227
267,94번 오리,31,2,48.6151447823685,48.7703212135525,0.155176431183968,1507.53501754698,48.6301618563541,48.6151447823685,0.0458779188370088,48.7703212135525,48.6151447823685,48.6151447823685,48.6151447823685,0
268,93번 무창,36,4,46.1075966558276,46.3474213598517,0.239824704024102,1664.85922921251,46.2460897003476,46.3167913327406,0.112061770970729,46.1417903070838,46.3474213598517,46.1075966558276,46.3474213598517,0.239824704024102
269,91번 신리,47,3,44.5377595496445,44.7472598399954,0.209500290350867,2101.54589390105,44.7137424234266,44.7472598399954,0.0686960653977108,44.5377595496445,44.7472598399954,44.7118913025922,44.7472598399954,0.0353685374031727
270,96번 속곡,43,3,43.2120576599738,43.4693294744605,0.257271814486671,1862.02670193706,43.3029465566758,43.3090199150941,0.0497019719813843,43.4693294744605,43.3090199150941,43.3090199150941,43.3090199150941,0
271,95번 오리,41,3,48.431277890412,48.7703212135525,0.339043323140451,1994.00854236035,48.6343546917159,48.6151447823685,0.101065337141333,48.431277890412,48.6151447823685,48.6151447823685,48.7703212135525,0.155176431183968
272,98번 본신,17,1,45.471720132954,45.471720132954,0,773.019242260217,45.471720132954,45.471720132954,7.105427357601e-15,45.471720132954,45.471720132954,45.471720132954,45.471720132954,0
273,52번 기산,17,2,46.6952241996303,46.707688245124,0.0124640454936937,793.968379939639,46.7040223493906,46.707688245124,0.00567918124981734,46.6952241996303,46.707688245124,46.6952241996303,46.707688245124,0.0124640454936937
274,63번 죽파,22,2,46.5039949042455,46.5453516946244,0.0413567903788632,1023.66688295871,46.5303128617593,46.5453516946244,0.019894505884782,46.5039949042455,46.5453516946244,46.5039949042455,46.5453516946244,0.0413567903788632
275,84번 죽파,31,2,46.1534010632497,46.5453516946244,0.39195063137462,1437.81054432548,46.3809853008221,46.5453516946244,0.1934094113946,46.1534010632497,46.5453516946244,46.1534010632497,46.5453516946244,0.39195063137462
276,어담,28,2,44.1015588095892,44.1398839140018,0.0383251044126212,1235.26522281704,44.1166151006084,44.1015588095892,0.0187174257344104,44.1398839140018,44.1015588095892,44.1015588095892,44.1398839140018,0.0383251044126212
277,사월전환,20,1,44.6560359761808,44.6560359761808,0,893.120719523617,44.6560359761809,44.6560359761808,1.4210854715202e-14,44.6560359761808,44.6560359761808,44.6560359761808,44.6560359761808,0
278,마공,16,1,52.4004840312087,52.4004840312087,0,838.40774449934,52.4004840312087,52.4004840312087,2.1316282072803e-14,52.4004840312087,52.4004840312087,52.4004840312087,52.4004840312087,0
279,안용,34,4,59.2269011342065,59.7122044789635,0.485303344756929,2026.12662958362,59.5919596936359,59.7122044789635,0.141251553477622,59.2269011342065,59.7122044789635,59.4485647909308,59.7122044789635,0.263639688032676
280,만리,28,2,46.1895011089133,46.2278756432717,0.0383745343584394,1293.57465279008,46.1990947425029,46.1895011089133,0.0166166608064036,46.2278756432717,46.1895011089133,46.1895011089133,46.2086883760925,0.0191872671792197
281,두산(토골),25,2,59.018088780115,59.1298895294357,0.111800749320615,1477.57643373997,59.1030573495987,59.1298895294357,0.0477482139652777,59.018088780115,59.1298895294357,59.1298895294357,59.1298895294357,0
282,가은(용추계곡),22,2,58.802654310708,58.8300920159916,0.0274377052835462,1294.04252270955,58.8201146686157,58.8300920159916,0.0131987899502811,58.802654310708,58.8300920159916,58.802654310708,58.8300920159916,0.0274377052835462
283,고항재,52,3,59.018088780115,59.2021507447935,0.18406196467847,3074.4142378143,59.1233507271981,59.1200265126708,0.067763107792085,59.018088780115,59.1200265126708,59.1200265126708,59.2021507447935,0.0821242321226947
284,두성(두성-백석),41,3,58.837141453493,59.1934973412436,0.356355887750667,2418.57115852786,58.9895404518989,59.0778217647601,0.12435753681552,59.1934973412436,59.0778217647601,58.837141453493,59.0778217647601,0.240680311267099
285,상리(1),24,3,58.837141453493,59.1934973412436,0.356355887750667,1418.89593954773,59.1206641478219,59.1934973412436,0.119203923827909,58.837141453493,59.1934973412436,58.9864403679198,59.1934973412436,0.207056973323859
286,가은-완장(2),8,2,58.6980544174801,58.8300920159916,0.132037598511495,470.508698529421,58.8135873161776,58.8300920159916,0.043667331171451,58.6980544174801,58.8300920159916,58.8300920159916,58.8300920159916,0
287,가은-완장(3),11,1,58.747778900141,58.747778900141,0,646.225567901551,58.747778900141,58.747778900141,7.105427357601e-15,58.747778900141,58.747778900141,58.747778900141,58.747778900141,0
288,가은-완장(옷나무골),13,3,58.747778900141,58.907254203936,0.15947530379502,765.101528025421,58.8539636942631,58.907254203936,0.0714232917993958,58.8798164986525,58.907254203936,58.747778900141,58.907254203936,0.15947530379502
289,가은-완장(1),18,2,58.802654310708,58.8300920159916,0.0274377052835462,1058.859343172,58.825519065111,58.8300920159916,0.0102254290267691,58.802654310708,58.8300920159916,58.8300920159916,58.8300920159916,0
290,옥녀봉,60,3,58.3187664740276,59.018088780115,0.69932230608746,3526.29120343061,58.7715200571768,58.6485138835274,0.25479292175392,58.3187664740276,59.018088780115,58.6485138835274,59.018088780115,0.369574896587615
291,일직-용각,38,3,43.6379804771974,44.1015588095892,0.463578332391805,1672.73651597179,44.0193819992577,44.0632337081302,0.149451132905539,43.6379804771974,44.0632337081302,44.0632337081302,44.1015588095892,0.0383251014590229
292,용각-어담,46,3,43.6763055786564,44.1398839140018,0.463578335345389,2017.80674675891,43.8653640599764,43.6763055786564,0.215837398075839,44.1398839140018,43.6763055786564,43.6763055786564,44.1015588095892,0.425253230932768
293,묘봉(2),38,2,46.8694489192267,46.8981124091073,0.0286634898806,1781.55500174846,46.8830263618016,46.8694489192267,0.0143118811124027,46.8981124091073,46.8694489192267,46.8694489192267,46.8981124091073,0.0286634898806
294,금바골(2),35,4,52.8758718580221,53.3982924039948,0.522420545972707,1863.92801034497,53.2550860098563,53.3982924039948,0.17027434231241,52.8758718580221,53.3982924039948,53.1278253342115,53.3982924039948,0.270467069783265
295,비룡산(2),13,2,48.9848594052335,49.379397253702,0.394537848468531,639.170399358846,49.1669537968343,48.9848594052335,0.196684422433252,49.379397253702,48.9848594052335,48.9848594052335,49.379397253702,0.394537848468531
296,비룡산(3),13,2,48.9848594052335,49.379397253702,0.394537848468531,637.592247964972,49.0455575357671,48.9848594052335,0.142349734023356,49.379397253702,48.9848594052335,48.9848594052335,48.9848594052335,0
297,수목원,5,1,51.9724309942681,51.9724309942681,0,259.86215497134,51.9724309942681,51.9724309942681,7.105427357601e-15,51.9724309942681,51.9724309942681,51.9724309942681,51.9724309942681,0
298,큰두렁터골(2),31,3,48.419255618854,48.8423045127858,0.423048893931828,1510.80796586982,48.7357408345105,48.8137935320347,0.171381176322158,48.419255618854,48.8137935320347,48.8137935320347,48.8423045127858,0.0285109807510651
299,장선다터골,36,4,46.9266365371351,47.3496860540572,0.423049516922106,1698.29536358826,47.1748712107849,47.3211750496225,0.193541410675688,46.9551481871561,47.3211750496225,46.9266365371351,47.3211750496225,0.394538512487458
300,다락재(2),28,2,49.0418823085645,49.0704256025664,0.0285432940018637,1373.20124793381,49.0429017119217,49.0418823085645,0.00529697522427899,49.0704256025664,49.0418823085645,49.0418823085645,49.0418823085645,0
301,새목골(2),44,3,49.8594793831213,50.2826041285398,0.423124745418441,2198.32843356243,49.9620098536916,49.8594793831213,0.177730736005297,50.2539978296372,49.8594793831213,49.8594793831213,50.0567386063792,0.197259223257902
302,임하,37,2,41.7410516451736,41.8568855286794,0.115833883505829,1548.0097612601,41.8381016556785,41.8568855286794,0.0426963121599996,41.7410516451736,41.8568855286794,41.8568855286794,41.8568855286794,0
303,작은드레박골(3),5,1,49.9014212273842,49.9014212273842,0,249.507106136921,49.9014212273842,49.9014212273842,0,49.9014212273842,49.9014212273842,49.9014212273842,49.9014212273842,0
304,수냄골(2),53,4,47.6586898366696,48.0817397937916,0.423049957122039,2535.3317182075,47.8364475133491,47.687201912089,0.197315018049986,48.0532287745555,47.6586898366696,47.6586898366696,48.0532287745555,0.394538937885883
305,늦재(3),19,2,50.4708698396579,50.5022979488706,0.0314281092126976,959.009383171925,50.4741780616803,50.4708698396579,0.00964504173500968,50.5022979488706,50.4708698396579,50.4708698396579,50.4708698396579,0
306,이평(등대골),32,2,44.2132784216883,44.2546699438765,0.0413915221881993,1415.56995689341,44.2365611529192,44.2546699438765,0.0205334388930726,44.2132784216883,44.2546699438765,44.2132784216883,44.2546699438765,0.0413915221881993
307,전곡산불,35,3,47.8297571130481,48.2528101161294,0.4230530030813,1683.18230767681,48.0909230764803,48.2528101161294,0.198458632062901,47.8297571130481,48.2528101161294,47.8582788525391,48.2528101161294,0.394531263590352
308,이평산불,36,2,44.3788445104412,44.4202360326294,0.0413915221882206,1598.30066673089,44.3972407425248,44.3788445104412,0.020567612734456,44.4202360326294,44.3788445104412,44.3788445104412,44.4202360326294,0.0413915221882206
309,조금산불,31,2,45.5349777004737,45.9268707551894,0.391893054715659,1420.59784897315,45.8257370636499,45.9268707551894,0.171480517108166,45.5349777004737,45.9268707551894,45.7309242278316,45.9268707551894,0.195946527357833
310,길곡-외선미,23,4,44.7291488870977,45.1625093556708,0.433360468573021,1033.92936575652,44.9534506850663,45.1211237084123,0.186820618373239,44.7291488870977,45.1211237084123,44.7705347065635,45.1211237084123,0.350589001848725
311,구산(앞골),31,2,44.2739048729741,44.3152906924399,0.0413858194657806,1372.82213761792,44.2845850844491,44.2739048729741,0.0181091796283208,44.3152906924399,44.2739048729741,44.2739048729741,44.294597782707,0.0206929097328938
312,삼산산불,32,3,43.3823906051001,43.7841236824111,0.401733077311057,1395.88513507091,43.6214104709659,43.7426626868414,0.173270609764497,43.7841236824111,43.7426626868414,43.3823906051001,43.7426626868414,0.360272081741357
313,갈면산불,1,1,44.8728098248613,44.8728098248613,0,44.8728098248613,44.8728098248613,44.8728098248613,0,44.8728098248613,44.8728098248613,44.8728098248613,44.8728098248613,0
314,다천산불,31,2,43.5912523734209,43.6330247270851,0.0417723536641645,1352.24781535666,43.6208972695697,43.6330247270851,0.0189609392856112,43.5912523734209,43.6330247270851,43.5912523734209,43.6330247270851,0.0417723536641645
315,상당산불,38,3,44.477129182022,44.8982577772442,0.421128595222214,1697.94566823168,44.6827807429388,44.5357403322321,0.205125821675024,44.5357403322321,44.8982577772442,44.477129182022,44.8982577772442,0.421128595222214
316,두천산불,17,2,44.9450134407095,44.9805256585406,0.0355122178311262,764.171765145554,44.9512803026797,44.9450134407095,0.0135379691405238,44.9805256585406,44.9450134407095,44.9450134407095,44.9450134407095,0
317,소광(대왕송),78,4,45.4625503226855,45.9154728800162,0.452922557330702,3560.12016464924,45.6425662134518,45.4769468110249,0.210912550474043,45.4913432993643,45.4625503226855,45.4625503226855,45.8857531894905,0.423202866804999
318,큰신기골,20,2,52.7144977198201,52.9822162931722,0.267718573352113,1056.16398440987,52.8081992204933,52.7144977198201,0.127693621033999,52.9822162931722,52.7144977198201,52.7144977198201,52.9822162931722,0.267718573352113
319,방목이골,9,1,51.3552810669852,51.3552810669852,0,462.197529602867,51.3552810669852,51.3552810669852,0,51.3552810669852,51.3552810669852,51.3552810669852,51.3552810669852,0
320,석문동,18,2,51.2530269073178,51.3552810669852,0.102254159667467,923.781534247729,51.3211963470961,51.3552810669852,0.048203073136932,51.2530269073178,51.3552810669852,51.2530269073178,51.3552810669852,0.102254159667467
321,장기바위골,12,1,51.1554001852417,51.1554001852417,0,613.8648022229,51.1554001852417,51.1554001852417,0,51.1554001852417,51.1554001852417,51.1554001852417,51.1554001852417,0
322,중봉골,10,2,51.2394917039017,51.3974815886181,0.157989884716422,513.658836116748,51.3658836116748,51.3974815886181,0.0631959538865687,51.2394917039017,51.3974815886181,51.3974815886181,51.3974815886181,0
323,구수골,21,2,52.6443785613896,52.9111821957174,0.266803634327864,1109.26720066977,52.8222476509415,52.9111821957174,0.125772439385633,52.6443785613896,52.9111821957174,52.6443785613896,52.9111821957174,0.266803634327864
324,개단(축서사2),42,3,52.4055244577792,52.9111821957174,0.505657737938179,2213.36602583729,52.6991910913641,52.6443785613896,0.169923010743393,52.4055244577792,52.6443785613896,52.6443785613896,52.9111821957174,0.266803634327864
325,옛터골,23,2,52.6443785613896,52.8934812614685,0.249102700078986,1214.05904201299,52.785175739695,52.8934812614685,0.123487294328652,52.6443785613896,52.8934812614685,52.6443785613896,52.8934812614685,0.249102700078986
326,우곡-도심(2),27,4,51.9567174258764,52.3584196205803,0.401702194703951,1408.21689625912,52.1561813429302,52.1363911694562,0.0793625766776245,51.9567174258764,52.1363911694562,52.1363911694562,52.1459757842573,0.0095846148011276
327,우곡1,16,2,52.8582600620004,53.1085440913456,0.250284029345231,847.484149197423,52.9677593248389,52.8582600620004,0.124160493521001,53.1085440913456,52.8582600620004,52.8582600620004,53.1085440913456,0.250284029345231
328,금바골,13,2,52.8582600620004,53.1278253342115,0.269565272211089,687.696511350427,52.8997316423406,52.8582600620004,0.0972594770061528,53.1278253342115,52.8582600620004,52.8582600620004,52.8582600620004,0
329,황새골(2),32,3,51.963937575993,52.3438892654258,0.379951689432808,1671.07248764879,52.2210152390248,52.2365002740206,0.131057904659739,51.963937575993,52.3438892654258,52.1291112826154,52.3438892654258,0.214777982810375
330,작은숫터골,24,1,51.963937575993,51.963937575993,0,1247.13450182383,51.963937575993,51.963937575993,0,51.963937575993,51.963937575993,51.963937575993,51.963937575993,0
331,도심,22,2,51.963937575993,52.1363911694562,0.172453593463203,1144.58625541955,52.026647973616,51.963937575993,0.0829580583641944,52.1363911694562,51.963937575993,51.963937575993,52.1363911694562,0.172453593463203
332,갈곡,4,1,50.0825185900541,50.0825185900541,0,200.330074360216,50.0825185900541,50.0825185900541,0,50.0825185900541,50.0825185900541,50.0825185900541,50.0825185900541,0
333,비룡산,11,1,49.379397253702,49.379397253702,0,543.173369790722,49.379397253702,49.379397253702,0,49.379397253702,49.379397253702,49.379397253702,49.379397253702,0
334,전나무골(2),30,2,49.0418823085645,49.436419789675,0.394537481110468,1482.30351872803,49.4101172909343,49.436419789675,0.0984149387037446,49.0418823085645,49.436419789675,49.436419789675,49.436419789675,0
335,새목골,33,3,49.8881617405326,50.2826041285398,0.394442388007178,1652.73943653655,50.0830132283802,49.9179169632463,0.193843413530511,49.9179169632463,50.2826041285398,49.8881617405326,50.2826041285398,0.394442388007178
336,현동-항목,21,3,49.4937543599528,49.9179169632463,0.42416260329356,1046.98160268088,49.8562667943276,49.8881617405326,0.118179205600742,49.4937543599528,49.8881617405326,49.8881617405326,49.8881617405326,0
337,큰두렁터골,11,1,48.419255618854,48.419255618854,0,532.611811807394,48.419255618854,48.419255618854,7.105427357601e-15,48.419255618854,48.419255618854,48.419255618854,48.419255618854,0
338,무개골(2),16,2,47.9961790254693,48.0247164050136,0.0285373795443675,768.138626064319,48.0086641290199,47.9961790254693,0.0141567767519734,48.0247164050136,47.9961790254693,47.9961790254693,48.0247164050136,0.0285373795443675
339,곰치골,32,3,47.2354398642756,47.6301587949116,0.394718930636074,1522.07655657695,47.5648923930298,47.6301587949116,0.142083481871982,47.6014262431522,47.6301587949116,47.6014262431522,47.6301587949116,0.0287325517594397
340,석포(봉화-삼척),69,4,47.2354398642756,47.6014262431522,0.365986378876634,3262.58153715701,47.2837903935798,47.2354398642756,0.107907084424913,47.2926631869024,47.2354398642756,47.2354398642756,47.2641356691316,0.0286958048560635
341,묘봉,34,2,46.8694489192267,47.2641356691316,0.394686749904956,1604.21780550114,47.1828766323865,47.2641356691316,0.159589580050197,46.8694489192267,47.2641356691316,47.2641356691316,47.2641356691316,0
342,수냄골,39,4,47.2926631869024,47.687201912089,0.394538725186635,1851.23506964285,47.4675658882781,47.3211750496225,0.190457843552736,47.6586898366696,47.2926631869024,47.2926631869024,47.687201912089,0.394538725186635
343,여우천-꼬치비재,48,4,48.4203106426425,48.8535456428119,0.433235000169383,2336.96819213083,48.686837336059,48.8124133440075,0.176958495052642,48.4203106426425,48.8124133440075,48.4615542810312,48.8124133440075,0.350859062976291
344,횡악산1,19,1,48.894913567755,48.894913567755,0,929.003357787345,48.894913567755,48.894913567755,1.4210854715202e-14,48.894913567755,48.894913567755,48.894913567755,48.894913567755,0
345,광회,38,3,47.6362407325888,48.0695667831782,0.433326050589457,1820.65870062756,47.9120710691463,48.0282549660131,0.188001823499416,48.0695667831782,48.0282549660131,47.6362407325888,48.0282549660131,0.392014233424284
346,쌍전(불당골),32,2,47.98762059969,48.0282549660131,0.0406343663231183,1536.41654651654,48.0130170786419,48.0282549660131,0.0196720280066411,47.98762059969,48.0282549660131,47.98762059969,48.0282549660131,0.0406343663231183
347,시번,6,1,47.98762059969,47.98762059969,0,287.92572359814,47.98762059969,47.98762059969,0,47.98762059969,47.98762059969,47.98762059969,47.98762059969,0
348,작은터골,25,1,47.7157129239244,47.7157129239244,0,1192.89282309811,47.7157129239244,47.7157129239244,7.105427357601e-15,47.7157129239244,47.7157129239244,47.7157129239244,47.7157129239244,0
349,태저골,24,4,47.7157129239244,48.1387617513175,0.42304882739306,1152.44985732669,48.0187440552788,48.1102507728279,0.167130497219068,47.7157129239244,48.1102507728279,47.9272373378384,48.1102507728279,0.183013434989498
350,석포-전곡,35,2,48.0817397937916,48.1102507728279,0.0285109790362554,1683.60217823765,48.1029193782186,48.1102507728279,0.0124609747249287,48.0817397937916,48.1102507728279,48.0959952833098,48.1102507728279,0.0142554895181277
351,석포-전곡2,40,3,48.1102507728279,48.5332995997859,0.423048826958023,1929.35329364493,48.2338323411233,48.1387617513175,0.173142198522748,48.1102507728279,48.1387617513175,48.1387617513175,48.3360306755517,0.197268924234237
352,전곡전환,22,2,48.167272729807,48.1957837082965,0.0285109784895212,1059.79404396971,48.1724565440778,48.167272729807,0.0109965306699296,48.1957837082965,48.167272729807,48.167272729807,48.167272729807,0
353,전곡(연결),39,3,47.7727348813384,48.1957837082965,0.423048826958073,1870.50417215181,47.96164543979,47.801245859828,0.195382241335918,47.7727348813384,47.801245859828,47.801245859828,48.1957837082965,0.394537848468531
354,골포동골,24,4,47.3781970328699,47.801245859828,0.423048826958038,1142.1201878835,47.5883411618125,47.7442239028489,0.193856296933902,47.801245859828,47.3781970328699,47.3781970328699,47.7727348813384,0.394537848468495
355,소광산불예방(미인송),21,2,46.1374668305263,46.1660658673715,0.0285990368451792,969.372987067422,46.160618431782,46.1660658673715,0.0112301761622481,46.1374668305263,46.1660658673715,46.1660658673715,46.1660658673715,0
356,소광산불예방,66,3,45.7714747527809,46.1660658673715,0.394591114590611,3025.26318972145,45.8373210563855,45.7714747527809,0.139386553395925,46.1660658673715,45.7714747527809,45.7714747527809,45.8000422450669,0.0285674922859442
357,두천산불예방(혼다골),11,1,44.9805256585406,44.9805256585406,0,494.785782243947,44.9805256585406,44.9805256585406,7.105427357601e-15,44.9805256585406,44.9805256585406,44.9805256585406,44.9805256585406,0
358,상당산불예방,35,2,44.8379326115347,45.2603426772336,0.422410065698926,1575.6637923892,45.0189654968342,44.8379326115347,0.209038770119728,45.2603426772336,44.8379326115347,44.8379326115347,45.2603426772336,0.422410065698926
359,소광(대흥두천연결),23,2,45.0969529922938,45.1278221182305,0.0308691259366896,1037.44600270431,45.1063479436659,45.0969529922938,0.0142038313771155,45.1278221182305,45.0969529922938,45.0969529922938,45.1278221182305,0.0308691259366896
360,소광,10,2,45.4625503226855,45.4913432993643,0.0287929766788153,454.654296203534,45.4654296203534,45.4625503226855,0.00863789300364459,45.4913432993643,45.4625503226855,45.4625503226855,45.4625503226855,0
361,곰도골(소광),23,1,45.9485301109632,45.9485301109632,0,1056.81619255215,45.9485301109632,45.9485301109632,2.1316282072803e-14,45.9485301109632,45.9485301109632,45.9485301109632,45.9485301109632,0
362,삼근,16,2,46.0682709173144,46.109652997699,0.0413820803846008,737.588919641646,46.0993074776029,46.109652997699,0.017918966437257,46.0682709173144,46.109652997699,46.0889619575067,46.109652997699,0.0206910401922968
363,답운골(쌍전),38,3,47.3269847972796,47.7189668775071,0.39198208022755,1804.8626781668,47.4963862675472,47.3683704439118,0.190205546546318,47.3683704439118,47.3269847972796,47.3269847972796,47.7189668775071,0.39198208022755
364,앞골(구산),36,3,43.8407547219944,44.2739048729741,0.433150150979678,1585.65001451478,44.0458337365215,44.0366368877513,0.205593913498593,44.2739048729741,43.8407547219944,43.8407547219944,44.2325190535083,0.391764331513876
365,이평(동대골),39,2,44.2546699438765,44.2960614660647,0.0413915221882135,1727.09109043245,44.2843869341655,44.2960614660647,0.018626109391873,44.2546699438765,44.2960614660647,44.2546699438765,44.2960614660647,0.0413915221882135
366,이평산불예방,38,3,44.2960614660647,44.3788445104412,0.082783044376427,1684.94738812017,44.3407207400046,44.3374529882529,0.0239882557670572,44.2960614660647,44.3374529882529,44.3374529882529,44.3374529882529,0
367,선구,13,2,44.074350651399,44.1158116469687,0.0414609955696932,573.422629419454,44.1094330322657,44.1158116469687,0.014959177464466,44.074350651399,44.1158116469687,44.1158116469687,44.1158116469687,0
368,막둥이골(길곡),10,1,44.7705347065635,44.7705347065635,0,447.705347065635,44.7705347065635,44.7705347065635,7.105427357601e-15,44.7705347065635,44.7705347065635,44.7705347065635,44.7705347065635,0
369,길곡산불예방,107,5,44.6463772481662,45.0383524138953,0.391975165729121,4792.18872243597,44.7868104900557,44.7291488870977,0.155846973604753,44.9969667666368,44.6463772481662,44.6463772481662,44.9969667666368,0.350589518470642
370,110번 본신,11,1,45.1625093556708,45.1625093556708,0,496.787602912378,45.1625093556708,45.1625093556708,0,45.1625093556708,45.1625093556708,45.1625093556708,45.1625093556708,0
371,102번 본신,15,2,45.471720132954,45.8637022047542,0.391982071800207,682.85976613791,45.523984409194,45.471720132954,0.133248282205852,45.8637022047542,45.471720132954,45.471720132954,45.471720132954,0
372,전환4,4,1,45.7809309102372,45.7809309102372,0,183.123723640949,45.7809309102372,45.7809309102372,0,45.7809309102372,45.7809309102372,45.7809309102372,45.7809309102372,0
373,산불진화1(추경),16,2,45.9878591465297,46.0292447937882,0.041385647258501,735.971288933509,45.9982055583443,45.9878591465297,0.0179205109389618,46.0292447937882,45.9878591465297,45.9878591465297,46.0085519701589,0.0206928236292541
374,112번 수하2,5,1,46.3384555710714,46.3384555710714,0,231.692277855357,46.3384555710714,46.3384555710714,0,46.3384555710714,46.3384555710714,46.3384555710714,46.3384555710714,0
375,111번 수하,10,2,46.3384555710714,46.3798412183299,0.0413856472584797,463.550098299748,46.3550098299748,46.3384555710714,0.0202747436916178,46.3798412183299,46.3384555710714,46.3384555710714,46.3798412183299,0.0413856472584797
376,103번 수하,42,4,46.3384555710714,46.7718231891904,0.43336761811895,1954.15942076825,46.527605256387,46.3798412183299,0.191147982857933,46.7718231891904,46.7304376400445,46.3384555710714,46.7304376400445,0.391982068973107
377,51번 본신(산불2),2,1,46.0292447937882,46.0292447937882,0,92.0584895875763,46.0292447937882,46.0292447937882,0,46.0292447937882,46.0292447937882,46.0292447937882,46.0292447937882,0
378,재해예방1,58,3,44.530421489674,44.9582508855448,0.427829395870788,2587.38791661162,44.6101364933039,44.530421489674,0.164921655842146,44.9169243135231,44.530421489674,44.530421489674,44.530421489674,0
379,76번 영리~금곡,17,2,44.5718808930483,44.6133284378152,0.0414475447668678,757.846317816121,44.5791951656542,44.5718808930483,0.0158006347188072,44.6133284378152,44.5718808930483,44.5718808930483,44.5718808930483,0
380,전환2,4,2,44.7666581321268,45.0950535485237,0.328395416396909,179.395027944904,44.848756986226,44.7666581321268,0.142199386543046,45.0950535485237,44.7666581321268,44.7666581321268,44.9308558403252,0.164197708198458
381,재해예방2,66,6,43.9586229660096,46.4626123333373,2.50398936732765,2996.611546081,45.4032052436515,46.0292447937882,1.09469775642854,43.9586229660096,46.4212268614284,44.1760653247093,46.4212268614284,2.24516153671912
382,산불예방1,41,3,44.1760653247093,44.530421489674,0.35435616496472,1812.90833204056,44.2172763912332,44.1760653247093,0.0901552021811051,44.530421489674,44.1760653247093,44.1760653247093,44.2178376735484,0.0417723488391601
383,조금(원수목),113,7,44.4474996115263,45.2257732385099,0.778273626983669,5070.60729304403,44.8726309118941,44.8755417098549,0.128409056556962,45.2257732385099,44.8755417098549,44.8341511873254,44.8755417098549,0.0413905225294044
384,조금산불예방,33,3,45.9268707551894,46.3536287900373,0.426758034847921,1519.26978430586,46.0384783122987,45.9677968222878,0.164434276092122,46.3536287900373,45.9677968222878,45.9268707551894,45.9677968222878,0.0409260670984111
385,109번 상원,21,1,47.2894180723678,47.2894180723678,0,993.077779519723,47.2894180723678,47.2894180723678,7.105427357601e-15,47.2894180723678,47.2894180723678,47.2894180723678,47.2894180723678,0
386,101번 상원,43,2,47.2894180723678,47.4882858599892,0.198867787621438,2038.61553958997,47.4096637113947,47.4882858599892,0.0972315303768148,47.2894180723678,47.4882858599892,47.2894180723678,47.4882858599892,0.198867787621438
387,107번 가천,11,2,47.4882858599892,47.6697562685272,0.18147040853794,523.097026094033,47.5542750994576,47.4882858599892,0.0872955584197605,47.6697562685272,47.4882858599892,47.4882858599892,47.6697562685272,0.18147040853794
388,산불진화2(추경),14,2,45.9772393365657,46.1438188640409,0.166579527475164,645.680305041622,46.1200217886873,46.1438188640409,0.0582906919868691,45.9772393365657,46.1438188640409,46.1438188640409,46.1438188640409,0
389,산불진화3(추경,13,2,45.9654004685875,46.1659338971608,0.20053342857328,598.753406663078,46.0579543586983,45.9654004685875,0.0999696270727786,46.1659338971608,45.9654004685875,45.9654004685875,46.1659338971608,0.20053342857328
390,전환7,9,2,46.1417903070838,46.3474213598517,0.20563105276787,416.509899080361,46.2788776755957,46.3474213598517,0.0969354078897933,46.1417903070838,46.3474213598517,46.1417903070838,46.3474213598517,0.20563105276787
391,전환6,16,2,45.933286683494,46.1417903070838,0.208503623589834,738.060141289751,46.1287588306094,46.1417903070838,0.050470691361708,45.933286683494,46.1417903070838,46.1417903070838,46.1417903070838,0
392,104번 무창,36,2,45.933286683494,45.9654004685875,0.0321137850935713,1654.04791359709,45.9457753776971,45.933286683494,0.0156554066966918,45.9654004685875,45.933286683494,45.933286683494,45.9654004685875,0.0321137850935713
393,106번 화천,20,2,45.6179193529109,45.8274206356847,0.209501282773765,916.33891143092,45.816945571546,45.8274206356847,0.045659746007649,45.6179193529109,45.8274206356847,45.8274206356847,45.8274206356847,0
394,100번 속곡,41,3,43.2120576599738,43.3976548742715,0.185597214297665,1775.26911185955,43.2992466307208,43.3348273498061,0.0771122451626086,43.3976548742715,43.2120576599738,43.2120576599738,43.3348273498061,0.122769689832339
395,108번 도계,19,2,43.3976548742715,43.5249130204718,0.127258146200326,825.44624963456,43.4445394544505,43.3976548742715,0.061386325027658,43.5249130204718,43.3976548742715,43.3976548742715,43.5249130204718,0.127258146200326
396,간선6,43,5,43.6662650375584,44.0833916355673,0.41712659800897,1885.92885754984,43.8588106406941,43.8740146569017,0.132811140422057,44.0833916355673,43.8740146569017,43.8385393045789,43.8740146569017,0.0354753523227842
397,산불예방3,30,3,43.5249130204718,43.752008365493,0.227095345021176,1310.91364073381,43.6971213577937,43.7058690623122,0.0707043231266618,43.5249130204718,43.7058690623122,43.7058690623122,43.752008365493,0.0461393031807873
398,78번 노래,21,1,41.7594288072316,41.7594288072316,0,876.948004951864,41.7594288072316,41.7594288072316,7.105427357601e-15,41.7594288072316,41.7594288072316,41.7594288072316,41.7594288072316,0
399,산불진화4(추경),12,1,44.4353627877535,44.4353627877535,0,533.224353453042,44.4353627877535,44.4353627877535,0,44.4353627877535,44.4353627877535,44.4353627877535,44.4353627877535,0
400,전환3,8,1,42.5691509405629,42.5691509405629,0,340.553207524503,42.5691509405629,42.5691509405629,0,42.5691509405629,42.5691509405629,42.5691509405629,42.5691509405629,0
401,남회룡(마당목),103,8,48.3178771758903,49.1431304095968,0.825253233706533,5025.98628235079,48.7959833237941,48.7098590919341,0.280945531896808,48.7512421781934,48.7098590919341,48.7098590919341,49.1018288942951,0.391969802360954
402,우련전-갈산(2),16,1,49.2570142043856,49.2570142043856,0,788.112227270169,49.2570142043856,49.2570142043856,1.4210854715202e-14,49.2570142043856,49.2570142043856,49.2570142043856,49.2570142043856,0
403,우련전-갈산,19,1,49.2570142043856,49.2570142043856,0,935.883269883326,49.2570142043856,49.2570142043856,1.4210854715202e-14,49.2570142043856,49.2570142043856,49.2570142043856,49.2570142043856,0
404,작은드레박골(1),16,3,49.5986532972554,49.9014212273842,0.30276793012878,797.2638832519,49.8289927032437,49.8355682692212,0.0632999402904531,49.5986532972554,49.8355682692212,49.8355682692212,49.8355682692212,0
405,작은드레박골(2),25,4,49.5641257134822,49.8355682692212,0.271442555739029,1240.68874313396,49.6275497253584,49.5986532972554,0.0959098878213196,49.718679949699,49.5641257134822,49.5641257134822,49.5986532972554,0.0345275837732189
406,동니랑골,6,1,49.5986532972554,49.5986532972554,0,297.591919783533,49.5986532972554,49.5986532972554,0,49.5986532972554,49.5986532972554,49.5986532972554,49.5986532972554,0
407,전곡(전곡쌍전),31,2,47.9497858469165,48.3429936499765,0.393207803060044,1490.37543928501,48.07662707371,47.9497858469165,0.183810400441437,48.3429936499765,47.9497858469165,47.9497858469165,48.3429936499765,0.393207803060044
408,전곡_쌍전,12,1,47.9497858469165,47.9497858469165,0,575.397430162998,47.9497858469165,47.9497858469165,7.105427357601e-15,47.9497858469165,47.9497858469165,47.9497858469165,47.9497858469165,0
409,원골,12,2,58.8011867739195,59.018088780115,0.216902006195539,706.048045299425,58.8373371082854,58.8011867739195,0.0808346050515511,59.018088780115,58.8011867739195,58.8011867739195,58.8011867739195,0
410,105번 오리,20,1,48.431277890412,48.431277890412,0,968.625557808241,48.431277890412,48.431277890412,7.105427357601e-15,48.431277890412,48.431277890412,48.431277890412,48.431277890412,0
411,작업4,11,2,48.6063523502551,48.6364862703475,0.0301339200924318,534.941081133638,48.6310073757853,48.6364862703475,0.0116224904951411,48.6063523502551,48.6364862703475,48.6364862703475,48.6364862703475,0
412,전환1,11,2,46.0292447937882,46.0706304400472,0.04138564625908,506.528620962965,46.0480564511787,46.0292447937882,0.0206071381936613,46.0706304400472,46.0292447937882,46.0292447937882,46.0706304400472,0.04138564625908
413,산불예방2,13,2,46.4212268614284,46.4626123333373,0.0413854719088818,603.972574861476,46.4594288354981,46.4626123333373,0.0110279600063689,46.4212268614284,46.4626123333373,46.4626123333373,46.4626123333373,0
414,전환5,12,2,45.7586341272537,45.9654004685875,0.206766341333825,549.310375868378,45.7758646556982,45.7586341272537,0.0571471977899043,45.9654004685875,45.7586341272537,45.7586341272537,45.7586341272537,0
415,전환8,14,1,47.9265846864278,47.9265846864278,0,670.972185609989,47.9265846864278,47.9265846864278,0,47.9265846864278,47.9265846864278,47.9265846864278,47.9265846864278,0
416,전환9,15,2,47.8201647729799,47.9265846864278,0.106419913447894,718.366670729177,47.8911113819451,47.9265846864278,0.0501668283015276,47.8201647729799,47.9265846864278,47.8201647729799,47.9265846864278,0.106419913447894
417,소광_두천,3,1,45.4054747505965,45.4054747505965,0,136.21642425179,45.4054747505965,45.4054747505965,0,45.4054747505965,45.4054747505965,45.4054747505965,45.4054747505965,0
418,구산막골,14,1,49.5986532972554,49.5986532972554,0,694.381146161576,49.5986532972554,49.5986532972554,1.4210854715202e-14,49.5986532972554,49.5986532972554,49.5986532972554,49.5986532972554,0
419,대현,10,2,50.0537236799041,50.0825185900541,0.0287949101499692,500.738801170091,50.0738801170091,50.0825185900541,0.0131954855391686,50.0537236799041,50.0825185900541,50.0537236799041,50.0825185900541,0.0287949101499692
420,소천,12,2,49.4937543599528,49.5240610458079,0.030306685855102,594.076585748709,49.5063821457257,49.4937543599528,0.0149413976233433,49.5240610458079,49.4937543599528,49.4937543599528,49.5240610458079,0.030306685855102
421,우구치,16,2,51.5243117132136,51.6754726894859,0.151160976272323,826.051758150413,51.6282348844008,51.6754726894859,0.0700649877211688,51.5243117132136,51.6754726894859,51.5243117132136,51.6754726894859,0.151160976272323
422,48번 수하(전환),20,2,46.1729129820375,46.214298629296,0.0413856472584868,923.747959171559,46.1873979585779,46.1729129820375,0.0197396956479422,46.214298629296,46.1729129820375,46.1729129820375,46.214298629296,0.0413856472584868
423,삼동산,1,1,50.9242286970648,50.9242286970648,0,50.9242286970648,50.9242286970648,50.9242286970648,0,50.9242286970648,50.9242286970648,50.9242286970648,50.9242286970648,0
424,석개재,37,2,47.6014262431522,47.9961790254693,0.394752782317063,1762.8317821259,47.6441022196189,47.6014262431522,0.122577410157598,47.9961790254693,47.6014262431522,47.6014262431522,47.6014262431522,0
425,광평노선,31,4,47.9673731884217,48.3907422511059,0.423369062684202,1495.14881045391,48.2306067888357,48.3621879324689,0.194332904177697,47.9673731884217,48.3907422511059,47.9961790254693,48.3907422511059,0.394563225636638
426,석개재(3),20,2,47.9673731884217,48.3621879324689,0.394814744047238,964.480055441048,48.2240027720524,48.3621879324689,0.188314630822029,47.9673731884217,48.3621879324689,47.9673731884217,48.3621879324689,0.394814744047238
427,석개재(2),35,2,47.9673731884217,47.9961790254693,0.0288058370475639,1679.14611996524,47.9756034275782,47.9673731884217,0.0130131507111374,47.9961790254693,47.9673731884217,47.9673731884217,47.9961790254693,0.0288058370475639
