FRRD_NM,SLTP_DESC,SLTP_CODE
100번 속곡,갈색건조산림토양(1),01
101번 상원,암적갈색건조산림토양(13),13
102번 본신,갈색약건산림토양(2),02
103번 수하,암적갈색약건산림토양(14),14
104번 무창,암적갈색약건산림토양(14),14
105번 오리,암적갈색건조산림토양(13),13
106번 화천,암적갈색약건산림토양(14),14
107번 가천,암적갈색약건산림토양(14),14
108번 도계,갈색약건산림토양(2),02
109번 상원,암적갈색건조산림토양(13),13
10번 가천~오기,암적갈색약건산림토양(14),14
110번 본신,갈색적윤산림토양(3),03
111번 수하,갈색약건산림토양(2),02
112번 수하2,암적갈색약건산림토양(14),14
11번 월매,갈색약건산림토양(2),02
12번 죽파~기산,암적갈색약건산림토양(14),14
13번 창수~대리,갈색약건산림토양(2),02
14번 창수~백청,암적갈색약건산림토양(14),14
15번 죽파~본신,암적갈색약건산림토양(14),14
16번 기산~울진,회갈색건조산림토양(15),15
18번 기산~보림,암적갈색약건산림토양(14),14
19번 수하~본신,갈색약건산림토양(2),02
19용흥,갈색건조산림토양(1),01
20번 삼의~속곡,갈색약건산림토양(2),02
21번 대리~신기,갈색약건산림토양(2),02
23번 영리,갈색약건산림토양(2),02
24번 창수~무창,암적갈색건조산림토양(13),13
25번 수리~보림,암적갈색건조산림토양(13),13
26번 삼계~수리,암적갈색건조산림토양(13),13
27번 본신,갈색약건산림토양(2),02
28번 본신,갈색약건산림토양(2),02
29번 화천~무학,암적갈색건조산림토양(13),13
30번 창수~양구,갈색약건산림토양(2),02
31번 본신,갈색약건산림토양(2),02
32번 죽파~송하,암적갈색약건산림토양(14),14
33번 신원,암적갈색약건산림토양(14),14
34번 무창~무학,암적갈색건조산림토양(13),13
35번 가천~칠성,암적갈색약건산림토양(14),14
36번 대리~창수,갈색약건산림토양(2),02
37번 대리,갈색약건산림토양(2),02
38번 무창~화천,암적갈색건조산림토양(13),13
39번 계리~칠성,암적갈색약건산림토양(14),14
40번 삼의,갈색약건산림토양(2),02
41번 계리~칠성,암적갈색약건산림토양(14),14
42번 삼의,갈색건조산림토양(1),01
43번 기산,암적갈색약건산림토양(14),14
44번 무창~기산,암적갈색건조산림토양(13),13
45번 무창~기산,암적갈색건조산림토양(13),13
46번 본신(산불1),암적갈색약건산림토양(14),14
47번 가천(전환),암적갈색약건산림토양(14),14
48번 수하(전환),갈색약건산림토양(2),02
49번 삼계(전환),암적갈색약건산림토양(14),14
50번 본신(산불2),암적갈색약건산림토양(14),14
51번 본신(산불2),암적갈색약건산림토양(14),14
52번 기산,암적갈색약건산림토양(14),14
53번 창수~영리,암적갈색약건산림토양(14),14
54번 본신,암적갈색약건산림토양(14),14
55번 무창,암적갈색건조산림토양(13),13
56번 발리,암적갈색건조산림토양(13),13
57번 본신,암적갈색약건산림토양(14),14
58번 영리~금곡,갈색약건산림토양(2),02
59번 홍계,암적갈색건조산림토양(13),13
5번 신흥~노래,회갈색약건산림토양(16),16
60번 오기(1노선),암적갈색약건산림토양(14),14
61번 오기,암적갈색약건산림토양(14),14
62번 오기,암적갈색약건산림토양(14),14
63번 죽파,암적갈색건조산림토양(13),13
64번 무계,갈색건조산림토양(1),01
65번 오리,암적갈색약건산림토양(14),14
66번 수하,암적갈색약건산림토양(14),14
67번 영리~아곡,갈색약건산림토양(2),02
68번 기산,암적갈색건조산림토양(13),13
69번 병곡.금곡,갈색약건산림토양(2),02
6번 노래,회갈색약건산림토양(16),16
70번 기산,암적갈색약건산림토양(14),14
71번 양구,암적갈색약건산림토양(14),14
72번 수하,암적갈색약건산림토양(14),14
73번 본신,갈색약건산림토양(2),02
74번 화천~옥류,갈색건조산림토양(1),01
75번 화천~옥류,갈색건조산림토양(1),01
76번 영리~금곡,회갈색약건산림토양(16),16
77번 장전,암적갈색약건산림토양(14),14
78번 노래,암적갈색약건산림토양(14),14
79번 노래,암적갈색건조산림토양(13),13
7번 죽파~신원,암적갈색약건산림토양(14),14
80번 본신,암적갈색약건산림토양(14),14
81번 화천,갈색건조산림토양(1),01
82번 개일,암적갈색약건산림토양(14),14
83번 양구,암적갈색건조산림토양(13),13
84번 죽파,암적갈색건조산림토양(13),13
85번 사암,암적갈색건조산림토양(13),13
86번 기산,회갈색약건산림토양(16),16
87번 중기(1),갈색약건산림토양(2),02
88번 무계,갈색약건산림토양(2),02
89번 개일,암적갈색약건산림토양(14),14
8번 신원~죽파,암적갈색건조산림토양(13),13
90번 계리,암적갈색약건산림토양(14),14
91번 신리,갈색약건산림토양(2),02
92번 중기(2),갈색약건산림토양(2),02
93번 무창,암적갈색건조산림토양(13),13
94번 오리,암적갈색약건산림토양(14),14
95번 오리,암적갈색약건산림토양(14),14
96번 속곡,갈색약건산림토양(2),02
97번 삼의(1),갈색건조산림토양(1),01
98번 본신,갈색약건산림토양(2),02
99번 삼의(2),갈색건조산림토양(1),01
9번 죽파,암적갈색약건산림토양(14),14
가부제,갈색약건산림토양(2),02
가은(용추계곡),갈색약건산림토양(2),02
가은-완장(1),갈색약건산림토양(2),02
가은-완장(2),갈색건조산림토양(1),01
가은-완장(3),갈색약건산림토양(2),02
가은-완장(옷나무골),갈색약건산림토양(2),02
각산-월전,암적갈색건조산림토양(13),13
각산리-월전리,암적갈색건조산림토양(13),13
간선1,갈색약건산림토양(2),02
간선2,암적갈색건조산림토양(13),13
간선3,암적갈색약건산림토양(14),14
간선4,갈색건조산림토양(1),01
간선5,갈색약건산림토양(2),02
간선6,갈색약건산림토양(2),02
갈곡,갈색약건산림토양(2),02
갈면_길곡,갈색약건산림토양(2),02
갈면_왕피로,갈색약건산림토양(2),02
갈면산불,갈색건조산림토양(1),01
갈면산불예방,갈색약건산림토양(2),02
갈산(봉화터널),갈색약건산림토양(2),02
갈산(상버내골),갈색약건산림토양(2),02
갈산(상버내골1),갈색약건산림토양(2),02
갈산(상버내골2),갈색건조산림토양(1),01
갈산(상버내골3),갈색약건산림토양(2),02
갈산(성안자원1),갈색약건산림토양(2),02
갈산(성안자원2),갈색약건산림토양(2),02
갈산(성안자원3),갈색약건산림토양(2),02
갈산(성안자원4),갈색약건산림토양(2),02
갈산(성안자원5),갈색약건산림토양(2),02
갈산(성안자원6),갈색약건산림토양(2),02
갈산(성안자원7),갈색약건산림토양(2),02
갈산(성안자원8),갈색약건산림토양(2),02
갈산전환,갈색적윤산림토양(3),03
감동골,갈색약건산림토양(2),02
개단(자작둔지),갈색약건산림토양(2),02
개단(축서사),갈색약건산림토양(2),02
개단(축서사2),갈색약건산림토양(2),02
고선,갈색약건산림토양(2),02
고선(강시골),갈색약건산림토양(2),02
고선(청옥산),갈색약건산림토양(2),02
고선-대현,갈색적윤산림토양(3),03
고선-분천,갈색약건산림토양(2),02
고초령_송방로,갈색약건산림토양(2),02
고항재,갈색약건산림토양(2),02
골포동골,갈색적윤산림토양(3),03
곰도골(소광),갈색약건산림토양(2),02
곰치골,갈색약건산림토양(2),02
광산골,갈색약건산림토양(2),02
광평노선,갈색적윤산림토양(3),03
광회,갈색약건산림토양(2),02
광회_쌍전,갈색약건산림토양(2),02
광회_왕피로,갈색약건산림토양(2),02
광회전환,갈색약건산림토양(2),02
구산(앞골),갈색약건산림토양(2),02
구산막골,갈색약건산림토양(2),02
구수골,갈색약건산림토양(2),02
구수골 입구,갈색약건산림토양(2),02
구주령_죽파로,암적갈색건조산림토양(13),13
궁기,갈색약건산림토양(2),02
금바골,갈색약건산림토양(2),02
금바골(2),갈색약건산림토양(2),02
길곡-외선미,갈색약건산림토양(2),02
길곡_이평로,갈색약건산림토양(2),02
길곡산불예방,갈색약건산림토양(2),02
꼬치비재,갈색약건산림토양(2),02
남산,갈색약건산림토양(2),02
남회룡,갈색약건산림토양(2),02
남회룡(남회룡-갈산),갈색약건산림토양(2),02
남회룡(마당목),갈색약건산림토양(2),02
남회룡(산불),갈색약건산림토양(2),02
내리,갈색약습산림토양(4),04
노른가리재,갈색약건산림토양(2),02
늦재(3),갈색약건산림토양(2),02
다락재(2),갈색약건산림토양(2),02
다락제,갈색적윤산림토양(3),03
다천산불,갈색약건산림토양(2),02
답운골(쌍전),갈색약건산림토양(2),02
대광천_두천로,갈색약건산림토양(2),02
대광천_소광로,갈색약건산림토양(2),02
대전,갈색건조산림토양(1),01
대현,갈색약건산림토양(2),02
대현(늦재1),갈색적윤산림토양(3),03
대현(늦재2),갈색약건산림토양(2),02
대현(달바위봉),갈색약건산림토양(2),02
대현(청옥산휴양림),갈색약건산림토양(2),02
대흥,갈색약건산림토양(2),02
덕거-두음,갈색약건산림토양(2),02
덕거리_운무터로,갈색약건산림토양(2),02
도시내골,기타,99
도심,갈색약건산림토양(2),02
도심(1리-2리),갈색약건산림토양(2),02
도심-서동,갈색약건산림토양(2),02
동관,갈색약건산림토양(2),02
동니랑골,갈색적윤산림토양(3),03
동면(미목),갈색약건산림토양(2),02
동면-미목,갈색건조산림토양(1),01
두산(토골),갈색약건산림토양(2),02
두성(두성-백석),갈색약건산림토양(2),02
두음(Ⅰ),갈색약건산림토양(2),02
두음(Ⅱ),갈색약건산림토양(2),02
두음(벧엘선교원),갈색약건산림토양(2),02
두음(여우골-두음),갈색약건산림토양(2),02
두천_솔평지로,갈색약건산림토양(2),02
두천산불,갈색약건산림토양(2),02
두천산불예방(혼다골),갈색약건산림토양(2),02
마공,갈색약건산림토양(2),02
막둥이골(길곡),갈색약건산림토양(2),02
만리,암적갈색약건산림토양(14),14
명산골,갈색적윤산림토양(3),03
묘봉,갈색약건산림토양(2),02
묘봉(2),갈색약건산림토양(2),02
무개골,갈색약건산림토양(2),02
무개골(2),갈색건조산림토양(1),01
문수바위골,갈색약건산림토양(2),02
바른골,갈색약건산림토양(2),02
박달령(2),갈색약건산림토양(2),02
반야골,갈색약건산림토양(2),02
방목이골,갈색약건산림토양(2),02
방율_삼산로,갈색약건산림토양(2),02
봉화1,갈색약건산림토양(2),02
봉화2,갈색약건산림토양(2),02
봉화3,갈색약건산림토양(2),02
봉화4,갈색약건산림토양(2),02
봉화5,갈색건조산림토양(1),01
봉화6,갈색약건산림토양(2),02
봉화7,갈색건조산림토양(1),01
봉화터널,갈색약건산림토양(2),02
불심골,갈색약건산림토양(2),02
비룡산,갈색약건산림토양(2),02
비룡산(2),갈색건조산림토양(1),01
비룡산(3),갈색약건산림토양(2),02
사월전환,암적갈색약건산림토양(14),14
산불예방1,갈색건조산림토양(1),01
산불예방2,갈색약건산림토양(2),02
산불예방3,갈색약건산림토양(2),02
산불진화1,갈색약건산림토양(2),02
산불진화1(추경),암적갈색약건산림토양(14),14
산불진화2,암적갈색건조산림토양(13),13
산불진화2(추경),암적갈색건조산림토양(13),13
산불진화3,암적갈색건조산림토양(13),13
산불진화3(추경,암적갈색약건산림토양(14),14
산불진화4,암적갈색건조산림토양(13),13
산불진화4(추경),암적갈색약건산림토양(14),14
산불진화5,암적갈색건조산림토양(13),13
산불진화6,암적갈색약건산림토양(14),14
산불진화7,갈색약건산림토양(2),02
삼근,갈색약건산림토양(2),02
삼근_소광,갈색약건산림토양(2),02
삼동산,기타,99
삼산산불,갈색약건산림토양(2),02
삿갓봉골,갈색적윤산림토양(3),03
상당산불,갈색약건산림토양(2),02
상당산불예방,갈색약건산림토양(2),02
상리(1),갈색약건산림토양(2),02
상오,갈색약건산림토양(2),02
새목골,갈색건조산림토양(1),01
새목골(2),갈색건조산림토양(1),01
서벽(금정1),갈색건조산림토양(1),01
서벽(금정2),갈색약건산림토양(2),02
서벽(상금정2),갈색약건산림토양(2),02
서벽(참새골),갈색약건산림토양(2),02
서벽(호랑이숲),갈색약건산림토양(2),02
서벽-도심(황기),갈색건조산림토양(1),01
석개재,갈색약건산림토양(2),02
석개재(2),갈색약건산림토양(2),02
석개재(3),갈색약건산림토양(2),02
석문동,갈색약건산림토양(2),02
석포(1),갈색건조산림토양(1),01
석포(2),갈색약건산림토양(2),02
석포(봉화-삼척),갈색약건산림토양(2),02
석포(소광-석포),갈색약건산림토양(2),02
석포-전곡,갈색건조산림토양(1),01
석포-전곡2,갈색약건산림토양(2),02
석포전환,갈색약건산림토양(2),02
선구,갈색약건산림토양(2),02
선구(마당골),갈색약건산림토양(2),02
성황골,갈색약건산림토양(2),02
소광,갈색적윤산림토양(3),03
소광(광산골),갈색건조산림토양(1),01
소광(대왕송),갈색건조산림토양(1),01
소광(대흥두천연결),갈색건조산림토양(1),01
소광_대리골로,갈색약건산림토양(2),02
소광_두천,갈색건조산림토양(1),01
소광산불예방,갈색약건산림토양(2),02
소광산불예방(미인송),갈색약건산림토양(2),02
소광천_전곡로,갈색약건산림토양(2),02
소반야,갈색약건산림토양(2),02
소반야1,갈색약건산림토양(2),02
소반야2,갈색적윤산림토양(3),03
소반야3,갈색약건산림토양(2),02
소천,갈색적윤산림토양(3),03
수곡_박달재로,갈색약건산림토양(2),02
수냄골,갈색약건산림토양(2),02
수냄골(2),갈색약건산림토양(2),02
수도,갈색약건산림토양(2),02
수목원,갈색건조산림토양(1),01
수목원(1),갈색약건산림토양(2),02
수목원(2),갈색약건산림토양(2),02
수목원내,갈색약건산림토양(2),02
승부(결둔),갈색약건산림토양(2),02
시번,갈색약건산림토양(2),02
신곡1,갈색약건산림토양(2),02
신곡2,갈색약건산림토양(2),02
신곡3,갈색약건산림토양(2),02
신왕,갈색약건산림토양(2),02
신원,갈색적윤산림토양(3),03
싸리내골1,갈색약건산림토양(2),02
싸리내골2,갈색약건산림토양(2),02
쌍전,갈색약건산림토양(2),02
쌍전(구시골),갈색건조산림토양(1),01
쌍전(불당골),갈색약건산림토양(2),02
쌍전(진장골),갈색약건산림토양(2),02
쌍전전환,갈색약건산림토양(2),02
쌍전전환(태거리골),갈색약건산림토양(2),02
안용,갈색약건산림토양(2),02
앞골(구산),갈색약건산림토양(2),02
어담,회갈색약건산림토양(16),16
어산,갈색약건산림토양(2),02
여우골,갈색약건산림토양(2),02
여우천(1),갈색약건산림토양(2),02
여우천(2),갈색약건산림토양(2),02
여우천-꼬치비재,갈색건조산림토양(1),01
예배령,갈색약건산림토양(2),02
옛터골,갈색약건산림토양(2),02
오미산,갈색약건산림토양(2),02
오전(주실령),갈색약건산림토양(2),02
오전노선,갈색약건산림토양(2),02
옥계,갈색건조산림토양(1),01
옥녀봉,갈색약건산림토양(2),02
용각-어담,회갈색약건산림토양(16),16
용흥,갈색건조산림토양(1),01
우곡-도심,갈색약건산림토양(2),02
우곡-도심(2),갈색약건산림토양(2),02
우곡-서벽,갈색약건산림토양(2),02
우곡1,갈색약건산림토양(2),02
우구치,갈색약건산림토양(2),02
우구치(1공구),갈색약건산림토양(2),02
우구치(2공구),갈색약건산림토양(2),02
우구치(도래기재),갈색약건산림토양(2),02
우구치(도래기재-박달령),갈색약건산림토양(2),02
우구치(박달령1),갈색약건산림토양(2),02
우구치-서벽,갈색약건산림토양(2),02
우련전-갈산,갈색약건산림토양(2),02
우련전-갈산(2),갈색약건산림토양(2),02
원골,갈색약건산림토양(2),02
월곡,갈색약건산림토양(2),02
은점골,갈색약건산림토양(2),02
이평(동대골),갈색약건산림토양(2),02
이평(등대골),갈색약건산림토양(2),02
이평_선구로,갈색약건산림토양(2),02
이평산불,갈색약건산림토양(2),02
이평산불예방,갈색약건산림토양(2),02
일직-용각,회갈색약건산림토양(16),16
임하,갈색약건산림토양(2),02
작업1,갈색약건산림토양(2),02
작업2,갈색약건산림토양(2),02
작업3,암적갈색건조산림토양(13),13
작업4,암적갈색건조산림토양(13),13
작은드레박골(1),갈색약건산림토양(2),02
작은드레박골(2),갈색약건산림토양(2),02
작은드레박골(3),갈색약건산림토양(2),02
작은빛내,갈색약건산림토양(2),02
작은숫터골,갈색약건산림토양(2),02
작은터골,갈색건조산림토양(1),01
장군봉(남회룡-두음),갈색약건산림토양(2),02
장기바위골,전석지,29
장선다터골,갈색약건산림토양(2),02
재산-동면,갈색약건산림토양(2),02
재해예방1,갈색건조산림토양(1),01
재해예방2,갈색약건산림토양(2),02
전곡,갈색약건산림토양(2),02
전곡(골포동),갈색약건산림토양(2),02
전곡(연결),갈색약건산림토양(2),02
전곡(전곡쌍전),갈색건조산림토양(1),01
전곡(홍이동),갈색약건산림토양(2),02
전곡_쌍전,갈색약건산림토양(2),02
전곡_쌍전로,갈색적윤산림토양(3),03
전곡산불,갈색약건산림토양(2),02
전곡전환,갈색약건산림토양(2),02
전나무골,갈색약건산림토양(2),02
전나무골(2),갈색약건산림토양(2),02
전환1,갈색약건산림토양(2),02
전환2,갈색건조산림토양(1),01
전환3,갈색약건산림토양(2),02
전환4,갈색적윤산림토양(3),03
전환5,암적갈색약건산림토양(14),14
전환6,암적갈색건조산림토양(13),13
전환7,암적갈색약건산림토양(14),14
전환8,암적갈색약건산림토양(14),14
전환9,암적갈색약건산림토양(14),14
조금,회갈색건조산림토양(15),15
조금(원수목),암적갈색건조산림토양(13),13
조금_기산로,암적갈색건조산림토양(13),13
조금산불,회갈색건조산림토양(15),15
조금산불예방,암적갈색건조산림토양(13),13
조룡,갈색약건산림토양(2),02
좌석골,갈색적윤산림토양(3),03
주실령,갈색약건산림토양(2),02
죽미산(두음-분천),갈색약건산림토양(2),02
죽미산(두음-임기),갈색약건산림토양(2),02
중미골,갈색약건산림토양(2),02
중봉골,갈색약건산림토양(2),02
지마리골(1),갈색약건산림토양(2),02
지마리골(2),갈색건조산림토양(1),01
청옥산,갈색약건산림토양(2),02
취수댐,갈색적윤산림토양(3),03
큰두렁터골,갈색약건산림토양(2),02
큰두렁터골(2),갈색약건산림토양(2),02
큰신기골,갈색건조산림토양(1),01
태저골,갈색건조산림토양(1),01
통고산_박달재로,갈색약건산림토양(2),02
한천2,갈색약건산림토양(2),02
현동,기타,99
현동-고선,갈색약건산림토양(2),02
현동-항목,기타,99
화전,갈색약건산림토양(2),02
황새골,갈색약건산림토양(2),02
황새골(2),갈색약건산림토양(2),02
황악산2,갈색약건산림토양(2),02
황점,갈색약건산림토양(2),02
횡악산1,갈색약건산림토양(2),02
휴양림_광회로,갈색약건산림토양(2),02
